status,http_status,title,url,final_url,note
accessible,200,A comprehensive response to the HIV/AIDS epidemic in Jamaica: a review of the past 20 years,https://www.mona.uwi.edu/fms/wimj/article/814,https://www.mona.uwi.edu/fms/wimj/article/814,
accessible,200,"A serosurvey of hepatitis B virus, hepatitis C virus, human T lymphotropic virus type-1 and syphilis in HIV-1 infected patients in Jamaica",https://www.mona.uwi.edu/fms/wimj/article/2,https://www.mona.uwi.edu/fms/wimj/article/2,
accessible,200,Absence of opportunistic parasitic infestations in children living with HIV/AIDS in children’s homes in Jamaica: Pilot investigations,https://www.mona.uwi.edu/fms/wimj/article/406,https://www.mona.uwi.edu/fms/wimj/article/406,
accessible,200,Adherence to antiretroviral drug therapy in children with HIV/AIDS in Jamaica,https://www.mona.uwi.edu/fms/wimj/article/745,https://www.mona.uwi.edu/fms/wimj/article/745,
accessible,200,An analysis of three opportunistic infections in an outpatient HIV clinic in Jamaica,https://www.mona.uwi.edu/fms/wimj/article/1270,https://www.mona.uwi.edu/fms/wimj/article/1270,
accessible,200,Antibiotic resistance among pathogens causing disease in Jamaican children with HIV/AIDS,https://www.mona.uwi.edu/fms/wimj/article/1269,https://www.mona.uwi.edu/fms/wimj/article/1269,
accessible,200,Associations between police harassment and HIV vulnerabilities among men who have sex with men and transgender women in Jamaica,https://www.ncbi.nlm.nih.gov/pmc/articles/PMC5739366/,https://pmc.ncbi.nlm.nih.gov/articles/PMC5739366/,
accessible,200,"Attitudes towards male circumcision among attendees at a sexually transmitted infection clinic in Kingston, Jamaica",https://www.mona.uwi.edu/fms/wimj/article/1263,https://www.mona.uwi.edu/fms/wimj/article/1263,
accessible,200,Bacille Calmette-Guérin lymphadenitis and immune reconstitution syndrome in HIV-infected children on antiretroviral therapy in Jamaica,https://www.mona.uwi.edu/fms/wimj/article/757,https://www.mona.uwi.edu/fms/wimj/article/757,
accessible,200,"Challenges and successes of HIV voluntary counselling and testing programme in antenatal clinics in greater Kingston, Jamaica",https://www.mona.uwi.edu/fms/wimj/article/751,https://www.mona.uwi.edu/fms/wimj/article/751,
accessible,200,Clinical and epidemiological characteristics of adult and adolescent patients newly diagnosed with the human immunodeficiency virus at a Jamaican clinic for sexually transmitted infections 2005,https://www.mona.uwi.edu/fms/wimj/article/327,https://www.mona.uwi.edu/fms/wimj/article/327,
accessible,200,Clinical manifestations of adolescents with HIV/AIDS in Jamaica,https://www.mona.uwi.edu/fms/wimj/article/749,https://www.mona.uwi.edu/fms/wimj/article/749,
accessible,200,Communicating gender in Jamaican HIV advertisements: A textual analysis of television campaigns,https://www.ohiocomm.org/wp-content/uploads/2017/01/Darlington-OCJ-2017.pdf,https://www.ohiocomm.org/wp-content/uploads/2017/01/Darlington-OCJ-2017.pdf,
accessible,200,Contact investigation in the prevention of mother-to-child transmission of HIV comparing urban and rural outcomes in Jamaica,https://www.mona.uwi.edu/fms/wimj/article/753,https://www.mona.uwi.edu/fms/wimj/article/753,
accessible,200,Disclosure of HIV status among HIV clinic attendees in Jamaica,https://www.mona.uwi.edu/fms/wimj/article/1280,https://www.mona.uwi.edu/fms/wimj/article/1280,
accessible,200,Effectiveness of antiretroviral therapy in treating paediatric HIV/AIDS in Jamaica,https://www.mona.uwi.edu/fms/wimj/article/744,https://www.mona.uwi.edu/fms/wimj/article/744,
accessible,200,"Eliminating vertically-transmitted HIV/AIDS while improving access to treatment and care for women, children and adolescents in Jamaica",https://www.mona.uwi.edu/fms/wimj/article/946,https://www.mona.uwi.edu/fms/wimj/article/946,
accessible,200,Evaluation of adherence to highly active antiretroviral therapy in adults in Jamaica,https://www.mona.uwi.edu/fms/wimj/article/755,https://www.mona.uwi.edu/fms/wimj/article/755,
accessible,200,Evolving care of HIV-infected pregnant women in Jamaica – from nevirapine to HAART,https://www.mona.uwi.edu/fms/wimj/article/743,https://www.mona.uwi.edu/fms/wimj/article/743,
accessible,200,Faith-based initiatives in response to HIV/AIDS in Jamaica,https://ijoc.org/index.php/ijoc/article/view/167,https://ijoc.org/index.php/ijoc/article/view/167,
accessible,200,Feasibility and impact of rapid diagnostic screening for opportunistic infections among people with advanced HIV disease in Guyana: a prospective multicentre study,https://openurl.ebsco.com/EPDB%3Agcd%3A8%3A413896/detailv2?sid=ebsco%3Aplink%3Acrawler-gcd&id=,https://openurl.ebsco.com/EPDB%3Agcd%3A8%3A413896/detailv2?sid=ebsco%3Aplink%3Acrawler-gcd&id=,
accessible,200,HIV Risk and Gender in Jamaica’s Homeless Population,https://pmc.ncbi.nlm.nih.gov/articles/PMC6154803/,https://pmc.ncbi.nlm.nih.gov/articles/PMC6154803/,
accessible,200,"HIV infection, sexual abuse and social support in Jamaican adolescents referred to a psychiatric service",https://www.mona.uwi.edu/fms/wimj/article/758,https://www.mona.uwi.edu/fms/wimj/article/758,
accessible,200,HIV policy in Jamaica: good form and substance but inadequate application and accountability,https://nicpd.ac.in/ojs-/index.php/gjmedph/article/view/3867,https://nicpd.ac.in/ojs-/index.php/gjmedph/article/view/3867,
accessible,200,HIV seroprevalence among hospital in patients with neuropsychiatric and other central nervous system disorders,https://www.mona.uwi.edu/fms/wimj/article/1278,https://www.mona.uwi.edu/fms/wimj/article/1278,
accessible,200,HIV-1 Antiretroviral Drug Resistance in Pregnant Women in Jamaica: A Preliminary Report,https://www.mona.uwi.edu/fms/wimj/article/1942,https://www.mona.uwi.edu/fms/wimj/article/1942,
accessible,200,HIV-related mortality in Jamaican children,https://www.mona.uwi.edu/fms/wimj/article/750,https://www.mona.uwi.edu/fms/wimj/article/750,
accessible,200,HIV-related sexual risk behaviours among late-adolescent Jamaican girls with older male partners,https://www.mona.uwi.edu/fms/wimj/article/1273,https://www.mona.uwi.edu/fms/wimj/article/1273,
accessible,200,High HIV prevalence among men who have sex with men in Jamaica is associated with social vulnerability and other sexually transmitted infections,https://www.mona.uwi.edu/fms/wimj/article/848,https://www.mona.uwi.edu/fms/wimj/article/848,
accessible,200,High genetic diversity in human immunodeficiency virus-type 1 in Jamaica,https://www.mona.uwi.edu/fms/wimj/article/1041,https://www.mona.uwi.edu/fms/wimj/article/1041,
accessible,200,Human immunodeficiency virus type-1 (HIV-1) subtypes in Jamaica 2005,https://www.mona.uwi.edu/fms/wimj/article/307,https://www.mona.uwi.edu/fms/wimj/article/307,
accessible,200,Interpersonal competence and sex risk behaviours among Jamaican adolescents,https://www.mona.uwi.edu/fms/wimj/article/976,https://www.mona.uwi.edu/fms/wimj/article/976,
accessible,200,Isoniazid-resistant disseminated Mycobacterium tuberculosis in a Jamaican infant with HIV/AIDS,https://www.mona.uwi.edu/fms/wimj/article/756,https://www.mona.uwi.edu/fms/wimj/article/756,
accessible,200,"Paediatric and perinatal HIV/AIDS in Jamaican an international leadership initiative, 2002 – 2007",https://www.mona.uwi.edu/fms/wimj/article/742,https://www.mona.uwi.edu/fms/wimj/article/742,
accessible,200,"Peer education and HIV/AIDS: Past experience, future directions",https://knowledgecommons.popcouncil.org/departments_sbsr-hiv/731/,https://knowledgecommons.popcouncil.org/departments_sbsr-hiv/731/,
accessible,200,Predictors of HIV/AIDS confirmation and differences by guardian status in HIV+ adolescents in Jamaica,https://www.mona.uwi.edu/fms/wimj/article/754,https://www.mona.uwi.edu/fms/wimj/article/754,
accessible,200,Prevalence of chronic kidney disease among patients attending an HIV outpatient clinic in Kingston Jamaica,https://www.mona.uwi.edu/fms/wimj/article/3608,https://www.mona.uwi.edu/fms/wimj/article/3608,
accessible,200,Prevalence of high-risk sexual behaviour in Jamaican adults and its relationship to sociodemographic and religious factors: findings from the Jamaica Health and Lifestyle Survey 2007-2008,https://www.mona.uwi.edu/fms/wimj/article/101,https://www.mona.uwi.edu/fms/wimj/article/101,
accessible,200,Prevalence of needlestick injuries and other high risk exposures among healthcare workers in Jamaica,https://www.mona.uwi.edu/fms/wimj/article/1190,https://www.mona.uwi.edu/fms/wimj/article/1190,
accessible,200,"Protecting HIV-positive children in Jamaica: Exploring policy, practice and institutional responses",https://link.springer.com/chapter/10.1007/978-3-319-29936-5_14,https://link.springer.com/chapter/10.1007/978-3-319-29936-5_14,
accessible,200,Psychological distress and substance abuse in Jamaican youths living with HIV/AIDS,https://www.mona.uwi.edu/fms/wimj/article/847,https://www.mona.uwi.edu/fms/wimj/article/847,
accessible,200,Renal manifestations in HIV-infected Jamaican children,https://www.mona.uwi.edu/fms/wimj/article/747,https://www.mona.uwi.edu/fms/wimj/article/747,
accessible,200,Safety of antiretroviral drug therapy in Jamaican children with HIV/AIDS,https://www.mona.uwi.edu/fms/wimj/article/746,https://www.mona.uwi.edu/fms/wimj/article/746,
accessible,200,Sociodemographics and clinical presentation of HIV in Jamaica over 20 years. A comparative analysis of surveillance data,https://www.mona.uwi.edu/fms/wimj/article/1274,https://www.mona.uwi.edu/fms/wimj/article/1274,
accessible,200,Speak up! Speak out! Building HIV and AIDS awareness among Jamaican school children,https://www.mona.uwi.edu/fms/wimj/article/760,https://www.mona.uwi.edu/fms/wimj/article/760,
accessible,200,"Stigmas, gender and coping: A study of HIV+ Jamaicans (Race, Gender & Class)",https://www.jstor.org/stable/41675010,https://www.jstor.org/stable/41675010,
accessible,200,The critical role of locally conducted research in guiding the response to the HIV epidemic in Jamaica,https://www.mona.uwi.edu/fms/wimj/article/945,https://www.mona.uwi.edu/fms/wimj/article/945,
accessible,200,The mean levels of adherence and factors contributing to non-adherence in patients on highly active antiretroviral therapy,https://www.mona.uwi.edu/fms/wimj/article/591,https://www.mona.uwi.edu/fms/wimj/article/591,
accessible,200,"The prevalence of mucocutaneous disorders among HIV-positive persons attending an outpatient clinic in Kingston, Jamaica",https://www.mona.uwi.edu/fms/wimj/article/701,https://www.mona.uwi.edu/fms/wimj/article/701,
accessible,200,"Unique cryptosporidium population in HIV infected persons, Jamaica (Emerging Infectious Diseases",https://www.ncbi.nlm.nih.gov/pmc/articles/PMC2600223/,https://pmc.ncbi.nlm.nih.gov/articles/PMC2600223/,
accessible,200,Voices of the women: feedback from women of child-bearing age who are living with HIV can help improve efficacy of psychosocial interventions,https://www.mona.uwi.edu/fms/wimj/article/752,https://www.mona.uwi.edu/fms/wimj/article/752,
accessible,200,What are the benefits and barriers of communicating parental HIV status to seronegative children and the implications for Jamaica? A narrative review of the literature in low/middle income countries,https://www.mona.uwi.edu/fms/wimj/article/842,https://www.mona.uwi.edu/fms/wimj/article/842,
accessible,200,Women promiscuity and reproductive health matters: findings and policy implications,https://www.omicsonline.org/open-access/women-promiscuity-and-reproductive-health-matters-findings-and-policy-implications-1522-4821-17-146.php?aid=35289,https://www.omicsonline.org/open-access/women-promiscuity-and-reproductive-health-matters-findings-and-policy-implications-1522-4821-17-146.php?aid=35289,
check,,"The influences of conservative Christianity, Rastafari and dancehall music within Jamaica on homophobia and stigma against people living with HIV and AIDS",https://journals.ukzn.ac.za/index.php/soa/article/view/1281,,ConnectionError
restricted,403,"""'Corona' was bigger than AIDS"": exploring how female sex workers with HIV navigated HIV care and treatment during the onset of COVID-19 in the Dominican Republic and Tanzania",https://pubmed.ncbi.nlm.nih.gov/40266811/,https://pubmed.ncbi.nlm.nih.gov/40266811/,Host restricted automated checking; link retained.
restricted,403,"""It's Not Good to Be Sick and Have the Child"": Perspectives on Pregnancy After HIV-Positive Diagnosis Among Women in Western Jamaica",https://pubmed.ncbi.nlm.nih.gov/35479291/,https://pubmed.ncbi.nlm.nih.gov/35479291/,Host restricted automated checking; link retained.
restricted,403,"'Men at risk': sex work, tourism, and STI/HIV risk in Jamaica",https://pubmed.ncbi.nlm.nih.gov/27001008/,https://pubmed.ncbi.nlm.nih.gov/27001008/,Host restricted automated checking; link retained.
restricted,403,1995 – AIDS prevention in the Jamaican workplace 1995 (AIDScaptions),https://pubmed.ncbi.nlm.nih.gov/12347581/,https://pubmed.ncbi.nlm.nih.gov/12347581/,Host restricted automated checking; link retained.
restricted,403,A comparison of younger and older men who have sex with men using data from Jamaica AIDS Support for Life: characteristics associated with HIV status,https://pubmed.ncbi.nlm.nih.gov/26138898/,https://pubmed.ncbi.nlm.nih.gov/26138898/,Host restricted automated checking; link retained.
restricted,403,"A modified HIV continuum of care: A six-year evaluation of a viral load cascade at a hospital-based clinic in Kingston, Jamaica",https://journals.sagepub.com/doi/abs/10.1177/0956462419839514,https://journals.sagepub.com/doi/abs/10.1177/0956462419839514,Host restricted automated checking; link retained.
restricted,403,"A paediatric and perinatal HIV/AIDS leadership initiative in Kingston, Jamaica 2004",https://pubmed.ncbi.nlm.nih.gov/15675492/,https://pubmed.ncbi.nlm.nih.gov/15675492/,Host restricted automated checking; link retained.
restricted,403,"A serosurvey of hepatitis B virus, hepatitis C virus, human T lymphotropic virus type-1 and syphilis in HIV-1-infected patients in Jamaica",https://pubmed.ncbi.nlm.nih.gov/12806748/,https://pubmed.ncbi.nlm.nih.gov/12806748/,Host restricted automated checking; link retained.
restricted,403,Age at Sexual Initiation and Sexual and Health Risk Behaviors Among Jamaican Adolescents and Young Adults,https://pubmed.ncbi.nlm.nih.gov/29476435/,https://pubmed.ncbi.nlm.nih.gov/29476435/,Host restricted automated checking; link retained.
restricted,403,"An Examination of Knowledge, Attitudes, and Intentions Related to Human Papillomavirus (HPV) Vaccination Among Undergraduate Students in Saint Lucia",https://pubmed.ncbi.nlm.nih.gov/40296980/,https://pubmed.ncbi.nlm.nih.gov/40296980/,Host restricted automated checking; link retained.
restricted,403,An Exploratory Study of Jamaican Women’s Health Beliefs around Male Condom Use and Negotiation in Jamaica,https://pubmed.ncbi.nlm.nih.gov/35147490/,https://pubmed.ncbi.nlm.nih.gov/35147490/,Host restricted automated checking; link retained.
restricted,403,An assessment of mother-to-child HIV transmission prevention in 16 pilot antenatal clinics in Jamaica 2004,https://pubmed.ncbi.nlm.nih.gov/15675493/,https://pubmed.ncbi.nlm.nih.gov/15675493/,Host restricted automated checking; link retained.
restricted,403,An exploratory study of Jamaican Women’s Health Beliefs around male condom use and negotiation in Jamaica,https://www.tandfonline.com/doi/abs/10.1080/19371918.2022.2039829,https://www.tandfonline.com/doi/abs/10.1080/19371918.2022.2039829,Host restricted automated checking; link retained.
restricted,403,An overview of HIV/AIDS in Jamaica: strengthening the response 2004,https://pubmed.ncbi.nlm.nih.gov/15675491/,https://pubmed.ncbi.nlm.nih.gov/15675491/,Host restricted automated checking; link retained.
restricted,403,Analysis of protease reverse transcriptase genes of HIV antiretroviral drug resistance in Jamaican adults,https://pubmed.ncbi.nlm.nih.gov/22049946/,https://pubmed.ncbi.nlm.nih.gov/22049946/,Host restricted automated checking; link retained.
restricted,403,Analysis of reverse transcriptase and protease genes of HIV for antiretroviral drug resistance in treatment-exposed Jamaican paediatrics,https://pubmed.ncbi.nlm.nih.gov/26122980/,https://pubmed.ncbi.nlm.nih.gov/26122980/,Host restricted automated checking; link retained.
restricted,403,Antibodies to hepatitis B virus and hepatitis C virus in residential detoxification clients in Jamaica,https://pubmed.ncbi.nlm.nih.gov/11341177/,https://pubmed.ncbi.nlm.nih.gov/11341177/,Host restricted automated checking; link retained.
restricted,403,"Antimicrobial susceptibility of Neisseria gonorrhoeae isolates and syndromic treatment of men with urethral discharge in Kingston, Jamaica, 2018-19",https://pubmed.ncbi.nlm.nih.gov/34557895/,https://pubmed.ncbi.nlm.nih.gov/34557895/,Host restricted automated checking; link retained.
restricted,403,Antiretroviral drug therapy in HIV-infected Jamaican children 2004,https://pubmed.ncbi.nlm.nih.gov/15675498/,https://pubmed.ncbi.nlm.nih.gov/15675498/,Host restricted automated checking; link retained.
restricted,403,"Assessing prevalence of missed laboratory-confirmed sexually transmitted infections among women in Kingston, Jamaica: results from a secondary analysis of the Sino-Implant clinical trial",https://pubmed.ncbi.nlm.nih.gov/29654017/,https://pubmed.ncbi.nlm.nih.gov/29654017/,Host restricted automated checking; link retained.
restricted,403,Associations between Police Harassment and HIV Vulnerabilities among Men Who Have Sex with Men and Transgender Women in Jamaica,https://pubmed.ncbi.nlm.nih.gov/29302172/,https://pubmed.ncbi.nlm.nih.gov/29302172/,Host restricted automated checking; link retained.
restricted,403,"Attitudes towards male circumcision among attendees at a sexually transmitted infection clinic in Kingston, Jamaica",https://pubmed.ncbi.nlm.nih.gov/21355507/,https://pubmed.ncbi.nlm.nih.gov/21355507/,Host restricted automated checking; link retained.
restricted,403,"Barriers and facilitators to HIV testing among young men who have sex with men and transgender women in Kingston, Jamaica: a qualitative study",https://pubmed.ncbi.nlm.nih.gov/28406274/,https://pubmed.ncbi.nlm.nih.gov/28406274/,Host restricted automated checking; link retained.
restricted,403,Barriers and facilitators to STI and HIV testing among African and Caribbean heritage communities in high-income countries mapped to the behaviour change wheel: a scoping review,https://pubmed.ncbi.nlm.nih.gov/42432553/,https://pubmed.ncbi.nlm.nih.gov/42432553/,Host restricted automated checking; link retained.
restricted,403,Barriers and facilitators to participation of men who have sex with men and transgender women in HIV research in Jamaica,https://pubmed.ncbi.nlm.nih.gov/31423952/,https://pubmed.ncbi.nlm.nih.gov/31423952/,Host restricted automated checking; link retained.
restricted,403,"Battyboy must die! Dancehall, class and religion in Jamaican homophobia",https://journals.sagepub.com/doi/10.1177/1367549420951578,https://journals.sagepub.com/doi/10.1177/1367549420951578,Host restricted automated checking; link retained.
restricted,403,"Beyond Homophobia: How Do Jamaican Men Who Have Sex with Men Build Communities, Affirm Identity, and Mitigate Homophobia?",https://pubmed.ncbi.nlm.nih.gov/29631931/,https://pubmed.ncbi.nlm.nih.gov/29631931/,Host restricted automated checking; link retained.
restricted,403,Beyond the Skin: Chylous Pleural Effusion Complicating HIV-Associated Kaposi Sarcoma,https://pubmed.ncbi.nlm.nih.gov/42453835/,https://pubmed.ncbi.nlm.nih.gov/42453835/,Host restricted automated checking; link retained.
restricted,403,Biological false positive serological tests for syphilis in the Jamaican population,https://pubmed.ncbi.nlm.nih.gov/2187794/,https://pubmed.ncbi.nlm.nih.gov/2187794/,Host restricted automated checking; link retained.
restricted,403,Bloodborne sexually transmitted infections in patients presenting for substance abuse treatment in Jamaica,https://pubmed.ncbi.nlm.nih.gov/11354264/,https://pubmed.ncbi.nlm.nih.gov/11354264/,Host restricted automated checking; link retained.
restricted,403,Breaking barriers: A qualitative study exploring the social and cultural factors that influence HIV awareness and uptake of HIV prevention among women of African and Caribbean heritage in England,https://pubmed.ncbi.nlm.nih.gov/41126510/,https://pubmed.ncbi.nlm.nih.gov/41126510/,Host restricted automated checking; link retained.
restricted,403,CDC-defined diseases and opportunistic infections in Jamaican children with HIV/AIDS 2004,https://pubmed.ncbi.nlm.nih.gov/15675497/,https://pubmed.ncbi.nlm.nih.gov/15675497/,Host restricted automated checking; link retained.
restricted,403,Characteristics of Jamaicans who smoke marijuana before sex and their risk status for sexually transmitted diseases,https://pubmed.ncbi.nlm.nih.gov/8693741/,https://pubmed.ncbi.nlm.nih.gov/8693741/,Host restricted automated checking; link retained.
restricted,403,"Chlamydia trachomatis, herpes simplex virus 2, and human T-cell lymphotrophic virus type 1 are not associated with grade of cervical neoplasia in Jamaican colposcopy patients",https://pubmed.ncbi.nlm.nih.gov/12838087/,https://pubmed.ncbi.nlm.nih.gov/12838087/,Host restricted automated checking; link retained.
restricted,403,Chlamydial infections in selected populations in Jamaica,https://pubmed.ncbi.nlm.nih.gov/1290231/,https://pubmed.ncbi.nlm.nih.gov/1290231/,Host restricted automated checking; link retained.
restricted,403,Clinical findings and neurodevelopmental outcome in Jamaican children with suspected congenital Zika syndrome,https://pubmed.ncbi.nlm.nih.gov/39967284/,https://pubmed.ncbi.nlm.nih.gov/39967284/,Host restricted automated checking; link retained.
restricted,403,"Comparison of testing saliva and serum for detection of antibody to human immunodeficiency virus in Jamaica, West Indies 2000",https://pubmed.ncbi.nlm.nih.gov/11090751/,https://pubmed.ncbi.nlm.nih.gov/11090751/,Host restricted automated checking; link retained.
restricted,403,Consequences of United States funding suspensions on community-led HIV services in Latin America and the Caribbean: findings of a rapid service provider survey,https://pubmed.ncbi.nlm.nih.gov/41664877/,https://pubmed.ncbi.nlm.nih.gov/41664877/,Host restricted automated checking; link retained.
restricted,403,Contextualising sexual health practices among lesbian and bisexual women in Jamaica: a multi-methods study,https://pubmed.ncbi.nlm.nih.gov/30484752/,https://pubmed.ncbi.nlm.nih.gov/30484752/,Host restricted automated checking; link retained.
restricted,403,Correlates of asymptomatic sexually transmitted infections among marginalized women in the Dominican Republic,https://pubmed.ncbi.nlm.nih.gov/41118141/,https://pubmed.ncbi.nlm.nih.gov/41118141/,Host restricted automated checking; link retained.
restricted,403,Correlates of psychosexual issues in the Jamaican population,https://pubmed.ncbi.nlm.nih.gov/24756653/,https://pubmed.ncbi.nlm.nih.gov/24756653/,Host restricted automated checking; link retained.
restricted,403,Culture-specific factors contributing to HIV risk among Jamaican adolescents,https://pubmed.ncbi.nlm.nih.gov/17403495/,https://pubmed.ncbi.nlm.nih.gov/17403495/,Host restricted automated checking; link retained.
restricted,403,Current status of sexually transmitted diseases in Jamaica,https://pubmed.ncbi.nlm.nih.gov/3439162/,https://pubmed.ncbi.nlm.nih.gov/3439162/,Host restricted automated checking; link retained.
restricted,403,Decreased condom breakage and slippage rates after counseling men at a sexually transmitted infection clinic in Jamaica,https://pubmed.ncbi.nlm.nih.gov/17362708/,https://pubmed.ncbi.nlm.nih.gov/17362708/,Host restricted automated checking; link retained.
restricted,403,"Depression among persons attending a HIV/AIDS outpatient clinic in Kingston, Jamaica",https://pubmed.ncbi.nlm.nih.gov/21355510/,https://pubmed.ncbi.nlm.nih.gov/21355510/,Host restricted automated checking; link retained.
restricted,403,Disclosure concerns moderate the association between internalized stigma and antiretroviral medication adherence among people with HIV in the Dominican Republic,https://pubmed.ncbi.nlm.nih.gov/40988523/,https://pubmed.ncbi.nlm.nih.gov/40988523/,Host restricted automated checking; link retained.
restricted,403,"Disclosure, stigma, and HIV care among sex workers and men who have sex with men living with HIV in Jamaica",https://pubmed.ncbi.nlm.nih.gov/42576182/,https://pubmed.ncbi.nlm.nih.gov/42576182/,Host restricted automated checking; link retained.
restricted,403,Discriminatory attitudes toward persons living with HIV/AIDS in Jamaica: a hierarchical analysis of university students 2005,https://pubmed.ncbi.nlm.nih.gov/17260568/,https://pubmed.ncbi.nlm.nih.gov/17260568/,Host restricted automated checking; link retained.
restricted,403,"Does a choice of condoms impact sexually transmitted infection incidence? A randomized, controlled trial",https://pubmed.ncbi.nlm.nih.gov/16385220/,https://pubmed.ncbi.nlm.nih.gov/16385220/,Host restricted automated checking; link retained.
restricted,403,"Doxycycline Postexposure Prophylaxis in the Dominican Republic: Investigating Healthcare Provider Knowledge, Attitudes, and Practices in a Caribbean Clinical Setting",https://pubmed.ncbi.nlm.nih.gov/41874001/,https://pubmed.ncbi.nlm.nih.gov/41874001/,Host restricted automated checking; link retained.
restricted,403,Drug-Resistant Tuberculosis in Prisons of Latin America and the Caribbean: A Critical Reflection on Structural Challenges and Gaps,https://pubmed.ncbi.nlm.nih.gov/42042949/,https://pubmed.ncbi.nlm.nih.gov/42042949/,Host restricted automated checking; link retained.
restricted,403,Effects of initiating a contraceptive implant on subsequent condom use: A randomized controlled trial,https://pubmed.ncbi.nlm.nih.gov/26079469/,https://pubmed.ncbi.nlm.nih.gov/26079469/,Host restricted automated checking; link retained.
restricted,403,Efficacy of Doxycycline as Preexposure and/or Postexposure Prophylaxis to Prevent Sexually Transmitted Diseases: A Systematic Review and Meta-Analysis,https://pubmed.ncbi.nlm.nih.gov/39316078/,https://pubmed.ncbi.nlm.nih.gov/39316078/,Host restricted automated checking; link retained.
restricted,403,Establishment of an HIV/sexually transmitted disease programme and prevalence of infection among incarcerated men in Jamaica,https://pubmed.ncbi.nlm.nih.gov/20089997/,https://pubmed.ncbi.nlm.nih.gov/20089997/,Host restricted automated checking; link retained.
restricted,403,Ethical challenges and opportunities for nurses in HIV and AIDS community-based participatory research in Jamaica,https://pubmed.ncbi.nlm.nih.gov/23485671/,https://pubmed.ncbi.nlm.nih.gov/23485671/,Host restricted automated checking; link retained.
restricted,403,Evolving Trends in Late HIV Diagnosis: Increasing Frequency but Improved Survival and Reduced Opportunistic Infections in a 10-Year Hospital-Based Cohort,https://pubmed.ncbi.nlm.nih.gov/42281294/,https://pubmed.ncbi.nlm.nih.gov/42281294/,Host restricted automated checking; link retained.
restricted,403,Exploring discordance between biologic and self-reported measures of semen exposure: a qualitative study among female patients attending an STI clinic in Jamaica,https://pubmed.ncbi.nlm.nih.gov/22893195/,https://pubmed.ncbi.nlm.nih.gov/22893195/,Host restricted automated checking; link retained.
restricted,403,Factors Associated With Syphilis Testing and a History of Syphilis Infection Among a Sample of Transgender Women in Jamaica,https://pubmed.ncbi.nlm.nih.gov/29420443/,https://pubmed.ncbi.nlm.nih.gov/29420443/,Host restricted automated checking; link retained.
restricted,403,"Factors Influencing Condom Use among Sexually Transmitted Infection Clinic Patients in Montego Bay, Jamaica",https://pubmed.ncbi.nlm.nih.gov/20182645/,https://pubmed.ncbi.nlm.nih.gov/20182645/,Host restricted automated checking; link retained.
restricted,403,Factors associated with discussing HIV pre-exposure prophylaxis (PrEP) among Jamaican medical providers,https://pubmed.ncbi.nlm.nih.gov/37966358/,https://pubmed.ncbi.nlm.nih.gov/37966358/,Host restricted automated checking; link retained.
restricted,403,Factors associated with sex work involvement among transgender women in Jamaica: a cross-sectional study,https://pubmed.ncbi.nlm.nih.gov/28406598/,https://pubmed.ncbi.nlm.nih.gov/28406598/,Host restricted automated checking; link retained.
restricted,403,"Factors associated with sexually transmissible infection testing practices among men who have sex with men in Jamaica: results from a cross-sectional, tablet-based survey",https://pubmed.ncbi.nlm.nih.gov/29925463/,https://pubmed.ncbi.nlm.nih.gov/29925463/,Host restricted automated checking; link retained.
restricted,403,Factors associated with the acceptability of male circumcision among men in Jamaica (PLoS One),https://pubmed.ncbi.nlm.nih.gov/24066164/,https://pubmed.ncbi.nlm.nih.gov/24066164/,Host restricted automated checking; link retained.
restricted,403,Fertility care expectations: what do PLHIV and health care providers in Jamaica know about assisted reproduction services for safe conception?,https://pubmed.ncbi.nlm.nih.gov/34986729/,https://pubmed.ncbi.nlm.nih.gov/34986729/,Host restricted automated checking; link retained.
restricted,403,Gender norms and sexual behaviours among men in wester Jamaica,https://pubmed.ncbi.nlm.nih.gov/24618497/,https://pubmed.ncbi.nlm.nih.gov/24618497/,Host restricted automated checking; link retained.
restricted,403,Genital Chlamydia trachomatis (serotypes D-K) infection in Jamaican commercial street sex workers,https://pubmed.ncbi.nlm.nih.gov/9534744/,https://pubmed.ncbi.nlm.nih.gov/9534744/,Host restricted automated checking; link retained.
restricted,403,Genital herpes in Jamaica. A clinical and pathological study (1982-1984),https://pubmed.ncbi.nlm.nih.gov/2827394/,https://pubmed.ncbi.nlm.nih.gov/2827394/,Host restricted automated checking; link retained.
restricted,403,"Genital ulcers: etiology, clinical diagnosis, and associated human immunodeficiency virus infection in Kingston, Jamaica",https://pubmed.ncbi.nlm.nih.gov/10452639/,https://pubmed.ncbi.nlm.nih.gov/10452639/,Host restricted automated checking; link retained.
restricted,403,Genotypic characterization of HIV type 1 in Jamaica,https://pubmed.ncbi.nlm.nih.gov/20929350/,https://pubmed.ncbi.nlm.nih.gov/20929350/,Host restricted automated checking; link retained.
restricted,403,Geographical variations in AIDS knowledge and attitude among adolescent girls of Jamaica 1999,https://pubmed.ncbi.nlm.nih.gov/10494360/,https://pubmed.ncbi.nlm.nih.gov/10494360/,Host restricted automated checking; link retained.
restricted,403,"Global, regional, and national burden of tuberculosis and multidrug-resistant tuberculosis by HIV status, 1990-2023: a systematic analysis for the Global Burden of Disease Study 2023",https://pubmed.ncbi.nlm.nih.gov/42385762/,https://pubmed.ncbi.nlm.nih.gov/42385762/,Host restricted automated checking; link retained.
restricted,403,HIV Care Continuum Outcomes Among Adolescents and Young Adults Living With HIV in Latin America and the Caribbean: Association With Depression and Substance Use,https://pubmed.ncbi.nlm.nih.gov/40657168/,https://pubmed.ncbi.nlm.nih.gov/40657168/,Host restricted automated checking; link retained.
restricted,403,HIV and incarceration in the Caribbean: the experiences of Puerto Rico and Jamaica,https://pubmed.ncbi.nlm.nih.gov/23038892/,https://pubmed.ncbi.nlm.nih.gov/23038892/,Host restricted automated checking; link retained.
restricted,403,HIV coping self-efficacy: a key to understanding stigma and HIV test acceptance among incarcerated men in Jamaica,https://pubmed.ncbi.nlm.nih.gov/20390514/,https://pubmed.ncbi.nlm.nih.gov/20390514/,Host restricted automated checking; link retained.
restricted,403,HIV drug resistance surveillance among Jamaican men who have sex with men should be prioritized for reducing HIV transmission,https://www.liebertpub.com/doi/abs/10.1089/AID.2015.0040,https://journals.sagepub.com/doi/abs/10.1089/AID.2015.0040?cf-mal-redirected=true&,Host restricted automated checking; link retained.
restricted,403,"HIV infection seroprevalence and risk factor study among pregnant women attending the Antenatal Clinic at the University Hospital of the West Indies, Kingston, Jamaica 2002",https://pubmed.ncbi.nlm.nih.gov/12232946/,https://pubmed.ncbi.nlm.nih.gov/12232946/,Host restricted automated checking; link retained.
restricted,403,"HIV infection, sexual abuse and social support in Jamaican adolescents referred to a psychiatric service",https://pubmed.ncbi.nlm.nih.gov/19583134/,https://pubmed.ncbi.nlm.nih.gov/19583134/,Host restricted automated checking; link retained.
restricted,403,HIV modes of transmission model: Distribution of new HIV infections in Jamaica for 2012,https://www.academia.edu/download/29331446/hiv_modes_of_transmission_model.pdf,https://www.academia.edu/download/29331446/hiv_modes_of_transmission_model.pdf,Host restricted automated checking; link retained.
restricted,403,"HIV morbidity and mortality in Jamaica: analysis of national surveillance data, 1993—2005",https://pubmed.ncbi.nlm.nih.gov/17706448/,https://pubmed.ncbi.nlm.nih.gov/17706448/,Host restricted automated checking; link retained.
restricted,403,HIV program outcomes for Jamaica before and after “Treat All”: A population-based study using the national treatment services database (PLoS One),https://pubmed.ncbi.nlm.nih.gov/34383797/,https://pubmed.ncbi.nlm.nih.gov/34383797/,Host restricted automated checking; link retained.
restricted,403,"HIV seroprevalence, uptake of interventions to reduce mother-to-child transmission and birth outcomes in greater Kingston, Jamaica 2004",https://pubmed.ncbi.nlm.nih.gov/15675494/,https://pubmed.ncbi.nlm.nih.gov/15675494/,Host restricted automated checking; link retained.
restricted,403,HIV testing practices in Jamaica,https://pubmed.ncbi.nlm.nih.gov/16630035/,https://pubmed.ncbi.nlm.nih.gov/16630035/,Host restricted automated checking; link retained.
restricted,403,HIV treatment as prevention in Jamaica and Barbados: magic bullet or sustainable response?,https://pubmed.ncbi.nlm.nih.gov/24378516/,https://pubmed.ncbi.nlm.nih.gov/24378516/,Host restricted automated checking; link retained.
restricted,403,HIV-1 drug resistance in treatment-naïve chronically infected patients in Jamaica (Antiviral Therapy),https://pubmed.ncbi.nlm.nih.gov/23744572/,https://pubmed.ncbi.nlm.nih.gov/23744572/,Host restricted automated checking; link retained.
restricted,403,HIV/AIDS following sexual assault in Jamaican children and adolescents: a case for HIV post-exposure prophylaxis 2004,https://pubmed.ncbi.nlm.nih.gov/15675503/,https://pubmed.ncbi.nlm.nih.gov/15675503/,Host restricted automated checking; link retained.
restricted,403,"HIV/AIDS in transition: Global disparities, Africa's uneven progress and struggles, and the emerging threat of funding cuts (global burden of disease study, 1990-2021)",https://pubmed.ncbi.nlm.nih.gov/41268736/,https://pubmed.ncbi.nlm.nih.gov/41268736/,Host restricted automated checking; link retained.
restricted,403,"HIV/AIDS in women, infants, children and adolescents in Jamaica. A further “call to action” 2001",https://pubmed.ncbi.nlm.nih.gov/11993012/,https://pubmed.ncbi.nlm.nih.gov/11993012/,Host restricted automated checking; link retained.
restricted,403,HIV/AIDS-related stigma and discrimination: accounts of HIV-positive Caribbean people in the United Kingdom,https://pubmed.ncbi.nlm.nih.gov/18565635/,https://pubmed.ncbi.nlm.nih.gov/18565635/,Host restricted automated checking; link retained.
restricted,403,HPV 16 antibody prevalence in Jamaica and the United States reflects differences in cervical cancer rates,https://pubmed.ncbi.nlm.nih.gov/9935171/,https://pubmed.ncbi.nlm.nih.gov/9935171/,Host restricted automated checking; link retained.
restricted,403,"Healthcare lived experiences of African, Caribbean, and Black individuals in Alberta living with HIV/AIDS: A phenomenological study",https://pubmed.ncbi.nlm.nih.gov/39998752/,https://pubmed.ncbi.nlm.nih.gov/39998752/,Host restricted automated checking; link retained.
restricted,403,Hepatitis B and C viruses and sexually transmitted disease patients in Jamaica,https://pubmed.ncbi.nlm.nih.gov/11463935/,https://pubmed.ncbi.nlm.nih.gov/11463935/,Host restricted automated checking; link retained.
restricted,403,Hepatitis B-associated nephrotic syndrome in Jamaican children,https://pubmed.ncbi.nlm.nih.gov/12369492/,https://pubmed.ncbi.nlm.nih.gov/12369492/,Host restricted automated checking; link retained.
restricted,403,Herpes simplex virus infections in immunocompromised Jamaican patients,https://pubmed.ncbi.nlm.nih.gov/2854684/,https://pubmed.ncbi.nlm.nih.gov/2854684/,Host restricted automated checking; link retained.
restricted,403,High HIV prevalence among men who have sex with men in Jamaica is associated with social vulnerability and other sexually transmitted infections,https://pubmed.ncbi.nlm.nih.gov/24756602/,https://pubmed.ncbi.nlm.nih.gov/24756602/,Host restricted automated checking; link retained.
restricted,403,High prevalence of genital Chlamydia trachomatis infection in women presenting in different clinical settings in Jamaica: implications for control strategies,https://pubmed.ncbi.nlm.nih.gov/10754948/,https://pubmed.ncbi.nlm.nih.gov/10754948/,Host restricted automated checking; link retained.
restricted,403,High prevalence of psychiatric and substance use disorders among persons seeking treatment for HIV and other STIs in Jamaica: a short report,https://pubmed.ncbi.nlm.nih.gov/28971701/,https://pubmed.ncbi.nlm.nih.gov/28971701/,Host restricted automated checking; link retained.
restricted,403,Homosexuality and HIV/AIDS stigma in Jamaica 2005,https://pubmed.ncbi.nlm.nih.gov/16864208/,https://pubmed.ncbi.nlm.nih.gov/16864208/,Host restricted automated checking; link retained.
restricted,403,"Human immunodeficiency virus and human T-lymphotropic virus type I infection among homosexual men in Kingston, Jamaica. 1988",https://pubmed.ncbi.nlm.nih.gov/3216301/,https://pubmed.ncbi.nlm.nih.gov/3216301/,Host restricted automated checking; link retained.
restricted,403,Identifying appropriate IUD candidates in areas with high prevalence of sexually transmitted infections,https://pubmed.ncbi.nlm.nih.gov/17303487/,https://pubmed.ncbi.nlm.nih.gov/17303487/,Host restricted automated checking; link retained.
restricted,403,Improving community care for persons with the acquired immunodeficiency syndrome in Jamaica 1998,https://pubmed.ncbi.nlm.nih.gov/10368624/,https://pubmed.ncbi.nlm.nih.gov/10368624/,Host restricted automated checking; link retained.
restricted,403,Improving sexually transmitted disease management in the private sector: The Jamaica experience,https://europepmc.org/article/med/9792363,https://europepmc.org/article/med/9792363,Host restricted automated checking; link retained.
restricted,403,Improving sexually transmitted disease management in the private sector: the Jamaica experience,https://pubmed.ncbi.nlm.nih.gov/9792363/,https://pubmed.ncbi.nlm.nih.gov/9792363/,Host restricted automated checking; link retained.
restricted,403,Incidence and outcomes of anal and cervical cancer among adults with HIV in Latin America: a retrospective cohort study,https://pubmed.ncbi.nlm.nih.gov/41074705/,https://pubmed.ncbi.nlm.nih.gov/41074705/,Host restricted automated checking; link retained.
restricted,403,Incidence of HIV and HTLV-1 infection among sexually transmitted disease clinic attenders in Jamaica 1997,https://pubmed.ncbi.nlm.nih.gov/9257658/,https://pubmed.ncbi.nlm.nih.gov/9257658/,Host restricted automated checking; link retained.
restricted,403,Infectious disease morbidity and growth among young HIV-exposed uninfected children in Jamaica,https://pubmed.ncbi.nlm.nih.gov/28718488/,https://pubmed.ncbi.nlm.nih.gov/28718488/,Host restricted automated checking; link retained.
restricted,403,Interactive effect of TLR SNPs and exposure to sexually transmitted infections on prostate cancer risk in Jamaican men,https://pubmed.ncbi.nlm.nih.gov/32894795/,https://pubmed.ncbi.nlm.nih.gov/32894795/,Host restricted automated checking; link retained.
restricted,403,Interpersonal competence and sex risk behaviours among Jamaican adolescents,https://pubmed.ncbi.nlm.nih.gov/24756654/,https://pubmed.ncbi.nlm.nih.gov/24756654/,Host restricted automated checking; link retained.
restricted,403,"Intersecting Stigma and the HIV Care Cascade: Qualitative Insights from Sex Workers, Men who have Sex with Men, and Transgender Women Living with HIV in Jamaica",https://pubmed.ncbi.nlm.nih.gov/39098884/,https://pubmed.ncbi.nlm.nih.gov/39098884/,Host restricted automated checking; link retained.
restricted,403,"Intravaginal cleansing among women attending a sexually transmitted infection clinic in Kingston, Jamaica",https://pubmed.ncbi.nlm.nih.gov/24171329/,https://pubmed.ncbi.nlm.nih.gov/24171329/,Host restricted automated checking; link retained.
restricted,403,Investigating the influence of provider communication and language reframing on HIV pre-exposure prophylaxis (PrEP) engagement with Black African and Caribbean women: a systematic review,https://pubmed.ncbi.nlm.nih.gov/40990574/,https://pubmed.ncbi.nlm.nih.gov/40990574/,Host restricted automated checking; link retained.
restricted,403,Is HIV/STD control in Jamaica making a difference? 1998,https://pubmed.ncbi.nlm.nih.gov/9792366/,https://pubmed.ncbi.nlm.nih.gov/9792366/,Host restricted automated checking; link retained.
restricted,403,Is under-reporting of AIDS a problem in Jamaica? 1995,https://pubmed.ncbi.nlm.nih.gov/7667970/,https://pubmed.ncbi.nlm.nih.gov/7667970/,Host restricted automated checking; link retained.
restricted,403,Jamaica: report documents homophobia and violence 2005,https://pubmed.ncbi.nlm.nih.gov/15991377/,https://pubmed.ncbi.nlm.nih.gov/15991377/,Host restricted automated checking; link retained.
restricted,403,Jamaican adolescent girls with older male sexual partners,https://pubmed.ncbi.nlm.nih.gov/22004468/,https://pubmed.ncbi.nlm.nih.gov/22004468/,Host restricted automated checking; link retained.
restricted,403,"Jamaican and Barbadian health care providers' knowledge, attitudes and practices regarding emergency contraceptive pills",https://pubmed.ncbi.nlm.nih.gov/18178540/,https://pubmed.ncbi.nlm.nih.gov/18178540/,Host restricted automated checking; link retained.
restricted,403,Knowledge and understanding of AIDS among health-care workers in Jamaica,https://pubmed.ncbi.nlm.nih.gov/2623847/,https://pubmed.ncbi.nlm.nih.gov/2623847/,Host restricted automated checking; link retained.
restricted,403,Latin America and the Caribbean: Challenges and Opportunities for HIV Treatment and Prevention,https://pubmed.ncbi.nlm.nih.gov/42502255/,https://pubmed.ncbi.nlm.nih.gov/42502255/,Host restricted automated checking; link retained.
restricted,403,Latin America and the Caribbean: Socioeconomic Realities and Implications for Health and HIV Responses,https://pubmed.ncbi.nlm.nih.gov/42502254/,https://pubmed.ncbi.nlm.nih.gov/42502254/,Host restricted automated checking; link retained.
restricted,403,Lessons learned from pilot projects on school-based AIDS education,https://pubmed.ncbi.nlm.nih.gov/12285809/,https://pubmed.ncbi.nlm.nih.gov/12285809/,Host restricted automated checking; link retained.
restricted,403,Long-term antiretroviral treatment outcomes in seven countries in the Caribbean,https://pubmed.ncbi.nlm.nih.gov/22240464/,https://pubmed.ncbi.nlm.nih.gov/22240464/,Host restricted automated checking; link retained.
restricted,403,"Longitudinal analysis of the role of mindfulness on HIV stigma, depression, substance use and HIV outcomes among female sex workers living with HIV in the Dominican Republic",https://pubmed.ncbi.nlm.nih.gov/39652821/,https://pubmed.ncbi.nlm.nih.gov/39652821/,Host restricted automated checking; link retained.
restricted,403,Management of vaginal discharge in women treated at a Jamaican sexually transmitted disease clinic: use of diagnostic algorithms versus laboratory testing,https://pubmed.ncbi.nlm.nih.gov/8749630/,https://pubmed.ncbi.nlm.nih.gov/8749630/,Host restricted automated checking; link retained.
restricted,403,Mental health needs of sexual minorities in Jamaica,https://www.tandfonline.com/doi/abs/10.1080/19317611003648195,https://www.tandfonline.com/doi/abs/10.1080/19317611003648195,Host restricted automated checking; link retained.
restricted,403,Molecular epidemiology of tetM genes in Neisseria gonorrhoeae,https://pubmed.ncbi.nlm.nih.gov/10448346/,https://pubmed.ncbi.nlm.nih.gov/10448346/,Host restricted automated checking; link retained.
restricted,403,"Navigating stigma, survival, and sex in contexts of social inequity among young transgender women and sexually diverse men in Kingston, Jamaica",https://pubmed.ncbi.nlm.nih.gov/30475167/,https://pubmed.ncbi.nlm.nih.gov/30475167/,Host restricted automated checking; link retained.
restricted,403,Neurocognitive function in HIV-positive children in a developing country,https://pubmed.ncbi.nlm.nih.gov/23562357/,https://pubmed.ncbi.nlm.nih.gov/23562357/,Host restricted automated checking; link retained.
restricted,403,Nevirapine-associated rash in a Jamaican child with HIV/AIDS 2004,https://pubmed.ncbi.nlm.nih.gov/15675504/,https://pubmed.ncbi.nlm.nih.gov/15675504/,Host restricted automated checking; link retained.
restricted,403,Non-ulcerative sexually transmitted disease and human immunodeficiency virus infection in patients attending a sexually transmitted disease clinic in Jamaica,https://pubmed.ncbi.nlm.nih.gov/15114897/,https://pubmed.ncbi.nlm.nih.gov/15114897/,Host restricted automated checking; link retained.
restricted,403,Nursing interventions in the Kingston Paediatric and Perinatal HIV/AIDS Programme in Jamaica 2004,https://pubmed.ncbi.nlm.nih.gov/15675499/,https://pubmed.ncbi.nlm.nih.gov/15675499/,Host restricted automated checking; link retained.
restricted,403,PEPFAR Investments in Country Data Systems Support HIV Treatment Continuity: An Example From Haiti,https://pubmed.ncbi.nlm.nih.gov/40976860/,https://pubmed.ncbi.nlm.nih.gov/40976860/,Host restricted automated checking; link retained.
restricted,403,Pathways From Sexual Stigma to Inconsistent Condom Use and Condom Breakage and Slippage Among MSM in Jamaica,https://pubmed.ncbi.nlm.nih.gov/29697593/,https://pubmed.ncbi.nlm.nih.gov/29697593/,Host restricted automated checking; link retained.
restricted,403,"Plasmid-mediated antimicrobial resistance in Neisseria gonorrhoeae in Kingston, Jamaica: 1990-1991",https://pubmed.ncbi.nlm.nih.gov/7652657/,https://pubmed.ncbi.nlm.nih.gov/7652657/,Host restricted automated checking; link retained.
restricted,403,"Positive forces for care: understanding what drives HIV care uptake among African, Caribbean and Black women living with HIV in Winnipeg, Manitoba",https://pubmed.ncbi.nlm.nih.gov/42189145/,https://pubmed.ncbi.nlm.nih.gov/42189145/,Host restricted automated checking; link retained.
restricted,403,"Positive “Vibes” in Jamaica: drama helps teens, parents and teachers discuss sexuality and AIDS 1993",https://pubmed.ncbi.nlm.nih.gov/12288827/,https://pubmed.ncbi.nlm.nih.gov/12288827/,Host restricted automated checking; link retained.
restricted,403,"Poverty, folate deficiency, human immunodeficiency virus and ulcerated vulval sexually transmitted diseases in Jamaica",https://pubmed.ncbi.nlm.nih.gov/21942116/,https://pubmed.ncbi.nlm.nih.gov/21942116/,Host restricted automated checking; link retained.
restricted,403,Pre and Post-exposure Prophylaxis Awareness and Acceptability Among Sex Workers in Jamaica: A Cross-Sectional Study,https://pubmed.ncbi.nlm.nih.gov/32666244/,https://pubmed.ncbi.nlm.nih.gov/32666244/,Host restricted automated checking; link retained.
restricted,403,Predictors of self-reported sexually transmitted infections (STIs) among men in 54 low and middle income countries (LMICs): a comparison of deep learning and classical machine learning algorithms,https://pubmed.ncbi.nlm.nih.gov/41820907/,https://pubmed.ncbi.nlm.nih.gov/41820907/,Host restricted automated checking; link retained.
restricted,403,Predictors of sexual involvement among adolescents in rural Jamaica,https://pubmed.ncbi.nlm.nih.gov/15266994/,https://pubmed.ncbi.nlm.nih.gov/15266994/,Host restricted automated checking; link retained.
restricted,403,Prevalence and Correlates of HIV Infection and HIV Testing Among Transgender Women in Jamaica,https://pubmed.ncbi.nlm.nih.gov/27610463/,https://pubmed.ncbi.nlm.nih.gov/27610463/,Host restricted automated checking; link retained.
restricted,403,Prevalence and determinants of sexually transmitted diseases: an analysis of young Jamaican males,https://pubmed.ncbi.nlm.nih.gov/11875373/,https://pubmed.ncbi.nlm.nih.gov/11875373/,Host restricted automated checking; link retained.
restricted,403,"Prevalence and risk factors associated with STIs among women initiating contraceptive implants in Kingston, Jamaica. Sexually Transmitted Infections",https://pubmed.ncbi.nlm.nih.gov/28476913/#0,https://pubmed.ncbi.nlm.nih.gov/28476913/#0,Host restricted automated checking; link retained.
restricted,403,Prevalence and risk factors associated with sexually transmitted infections among adults attending an STI clinic in a small island developing state,https://pubmed.ncbi.nlm.nih.gov/40676510/,https://pubmed.ncbi.nlm.nih.gov/40676510/,Host restricted automated checking; link retained.
restricted,403,"Prevalence of Viral Hepatitis in Three Public Health Clinics in the Kingston Metropolitan Area, Jamaica, 2022",https://pubmed.ncbi.nlm.nih.gov/41946354/,https://pubmed.ncbi.nlm.nih.gov/41946354/,Host restricted automated checking; link retained.
restricted,403,Prevalence of antibodies to hepatitis C virus and other markers in Jamaica,https://pubmed.ncbi.nlm.nih.gov/7545339/,https://pubmed.ncbi.nlm.nih.gov/7545339/,Host restricted automated checking; link retained.
restricted,403,Prevalence of hepatitis B in people living with HIV/AIDS in Latin America and the Caribbean: a systematic review and meta-analysis,https://pubmed.ncbi.nlm.nih.gov/28836955/,https://pubmed.ncbi.nlm.nih.gov/28836955/,Host restricted automated checking; link retained.
restricted,403,Prevalence of human immunodeficiency virus infection in patients with pulmonary tuberculosis at the National Chest Hospital in Jamaica 2006,https://pubmed.ncbi.nlm.nih.gov/16536937/,https://pubmed.ncbi.nlm.nih.gov/16536937/,Host restricted automated checking; link retained.
restricted,403,Prevalence of human papillomavirus among STD clinic attenders in Jamaica: association of younger age and increased sexual activity,https://pubmed.ncbi.nlm.nih.gov/7624812/,https://pubmed.ncbi.nlm.nih.gov/7624812/,Host restricted automated checking; link retained.
restricted,403,Prevalence of reactive serological tests for syphilis in the Jamaican population,https://pubmed.ncbi.nlm.nih.gov/2264331/,https://pubmed.ncbi.nlm.nih.gov/2264331/,Host restricted automated checking; link retained.
restricted,403,Prevalence of viral and bacterial sexually transmitted pathogens in Jamaican pregnant women,https://pubmed.ncbi.nlm.nih.gov/9619092/,https://pubmed.ncbi.nlm.nih.gov/9619092/,Host restricted automated checking; link retained.
restricted,403,Psychosocial outcomes in a cohort of perinatally HIV-infected adolescents in Western Jamaica,https://pubmed.ncbi.nlm.nih.gov/29400261/,https://pubmed.ncbi.nlm.nih.gov/29400261/,Host restricted automated checking; link retained.
restricted,403,Put rights at the centre of person- and people-centred HIV prevention,https://pubmed.ncbi.nlm.nih.gov/41059582/,https://pubmed.ncbi.nlm.nih.gov/41059582/,Host restricted automated checking; link retained.
restricted,403,Quality of sexually transmitted disease services in Jamaica: evaluation of a clinic-based approach. Collaborative Working Group on Indicators of STD Case Management,https://pubmed.ncbi.nlm.nih.gov/8205644/,https://pubmed.ncbi.nlm.nih.gov/8205644/,Host restricted automated checking; link retained.
restricted,403,Queerly departed: Queer viral socialities and Caribbean migrant desires,https://pubmed.ncbi.nlm.nih.gov/40083883/,https://pubmed.ncbi.nlm.nih.gov/40083883/,Host restricted automated checking; link retained.
restricted,403,Randomized controlled trial on the effectiveness of counseling messages for avoiding unprotected sexual intercourse during sexually transmitted infection and reproductive tract infection treatment among female sexually transmitted infection clinic patients,https://pubmed.ncbi.nlm.nih.gov/23321990/,https://pubmed.ncbi.nlm.nih.gov/23321990/,Host restricted automated checking; link retained.
restricted,403,"Randomized controlled trial to investigate impact of site-based safer sex programmes in Kingston, Jamaica: trial design, methods and baseline findings",https://pubmed.ncbi.nlm.nih.gov/18482079/,https://pubmed.ncbi.nlm.nih.gov/18482079/,Host restricted automated checking; link retained.
restricted,403,"Rates of adherence, adherence measurement, and support services for children and adolescents living with HIV followed in global sites of the International Epidemiology Databases to Evaluate AIDS (IeDEA)",https://pubmed.ncbi.nlm.nih.gov/41039293/,https://pubmed.ncbi.nlm.nih.gov/41039293/,Host restricted automated checking; link retained.
restricted,403,Reduction in time to viral suppression among persons living with HIV in Jamaica between 2017-2019,https://pubmed.ncbi.nlm.nih.gov/38662640/,https://pubmed.ncbi.nlm.nih.gov/38662640/,Host restricted automated checking; link retained.
restricted,403,Research priorities for advanced HIV disease in Latin America and the Caribbean region: a modified Delphi study,https://pubmed.ncbi.nlm.nih.gov/41543971/,https://pubmed.ncbi.nlm.nih.gov/41543971/,Host restricted automated checking; link retained.
restricted,403,Results of a workshop intervention trial to reduce HIV and intersectional stigma among sexual and gender minorities and healthcare workers in the Dominican Republic,https://pubmed.ncbi.nlm.nih.gov/40135708/,https://pubmed.ncbi.nlm.nih.gov/40135708/,Host restricted automated checking; link retained.
restricted,403,Rising HIV-1 prevalence among sexually transmitted disease clinic attenders in Jamaica: traumatic sex and genital ulcers as risk factors 1994,https://pubmed.ncbi.nlm.nih.gov/8106971/,https://pubmed.ncbi.nlm.nih.gov/8106971/,Host restricted automated checking; link retained.
restricted,403,Risky behaviour in Jamaican adolescent patients attending a sexually transmitted disease clinic 2000,https://pubmed.ncbi.nlm.nih.gov/11211544/,https://pubmed.ncbi.nlm.nih.gov/11211544/,Host restricted automated checking; link retained.
restricted,403,STD services in family planning programs,https://pubmed.ncbi.nlm.nih.gov/12319044/,https://pubmed.ncbi.nlm.nih.gov/12319044/,Host restricted automated checking; link retained.
restricted,403,STDs and risk behaviours in adolescents in Jamaica,https://pubmed.ncbi.nlm.nih.gov/11719928/,https://pubmed.ncbi.nlm.nih.gov/11719928/,Host restricted automated checking; link retained.
restricted,403,"Self-reported condom use is associated with reduced risk of chlamydia, gonorrhea, and trichomoniasis",https://pubmed.ncbi.nlm.nih.gov/17579339/,https://pubmed.ncbi.nlm.nih.gov/17579339/,Host restricted automated checking; link retained.
restricted,403,Seroprevalence and Genotype Diversity of Hepatitis C Virus in the Caribbean-A Review,https://pubmed.ncbi.nlm.nih.gov/37505666/,https://pubmed.ncbi.nlm.nih.gov/37505666/,Host restricted automated checking; link retained.
restricted,403,Seroprevalence of hepatitis C virus in haemophiliacs in Jamaica,https://pubmed.ncbi.nlm.nih.gov/12454365/,https://pubmed.ncbi.nlm.nih.gov/12454365/,Host restricted automated checking; link retained.
restricted,403,"Seroprevalence of human herpesvirus-8 (HHV-8) in countries of Southeast Asia compared to the USA, the Caribbean and Africa",https://pubmed.ncbi.nlm.nih.gov/10555764/,https://pubmed.ncbi.nlm.nih.gov/10555764/,Host restricted automated checking; link retained.
restricted,403,Seroprevalence of sexually transmitted infections among accepted and deferred blood donors in Jamaica,https://pubmed.ncbi.nlm.nih.gov/16921701/,https://pubmed.ncbi.nlm.nih.gov/16921701/,Host restricted automated checking; link retained.
restricted,403,"Seroprevalence of toxoplasma gondii, rubella virus, cytomegalovirus herpes simplex virus (TORCH) and syphilis in Jamaican pregnant women",https://pubmed.ncbi.nlm.nih.gov/1664562/,https://pubmed.ncbi.nlm.nih.gov/1664562/,Host restricted automated checking; link retained.
restricted,403,Sexual Abuse and Sexually-Transmitted HIV/AIDS in Jamaican Children and Adolescents Aged 6-19 Years,https://pubmed.ncbi.nlm.nih.gov/34343124/,https://pubmed.ncbi.nlm.nih.gov/34343124/,Host restricted automated checking; link retained.
restricted,403,"Sexual Relationship Power and Semen Exposure Among Female Patients at a Sexually Transmitted Infection Clinic in Kingston, Jamaica",https://pubmed.ncbi.nlm.nih.gov/27305908/,https://pubmed.ncbi.nlm.nih.gov/27305908/,Host restricted automated checking; link retained.
restricted,403,Sexual behaviour and attitude towards HIV testing among non-HIV testers in a developing nation: A public health concern,https://pubmed.ncbi.nlm.nih.gov/22558590/,https://pubmed.ncbi.nlm.nih.gov/22558590/,Host restricted automated checking; link retained.
restricted,403,Sexual risk Behaviour among HIV-positive persons in Jamaica,https://pubmed.ncbi.nlm.nih.gov/29026375/,https://pubmed.ncbi.nlm.nih.gov/29026375/,Host restricted automated checking; link retained.
restricted,403,Sexual stigma and sympathy: attitudes toward persons living with HIV in Jamaica,https://pubmed.ncbi.nlm.nih.gov/16923646/,https://pubmed.ncbi.nlm.nih.gov/16923646/,Host restricted automated checking; link retained.
restricted,403,Sexual transmission of human T-lymphotropic virus type I (HTLV-I),https://pubmed.ncbi.nlm.nih.gov/2789009/,https://pubmed.ncbi.nlm.nih.gov/2789009/,Host restricted automated checking; link retained.
restricted,403,Sexually transmitted disease symptoms. A comparative analysis of male and female youth in Jamaica,https://pubmed.ncbi.nlm.nih.gov/11769024/,https://pubmed.ncbi.nlm.nih.gov/11769024/,Host restricted automated checking; link retained.
restricted,403,Sexually transmitted diseases are common in women attending Jamaican family planning clinics and appropriate detection tools are lacking,https://pubmed.ncbi.nlm.nih.gov/10023362/,https://pubmed.ncbi.nlm.nih.gov/10023362/,Host restricted automated checking; link retained.
restricted,403,Social-ecological factors associated with HIV infection among men who have sex with men in Jamaica,https://pubmed.ncbi.nlm.nih.gov/28669320/,https://pubmed.ncbi.nlm.nih.gov/28669320/,Host restricted automated checking; link retained.
restricted,403,"Social-ecological factors associated with having a regular healthcare provider among lesbian, gay, bisexual and transgender persons in Jamaica",https://pubmed.ncbi.nlm.nih.gov/33650933/,https://pubmed.ncbi.nlm.nih.gov/33650933/,Host restricted automated checking; link retained.
restricted,403,Socio-demographic and clinical characteristics of Jamaican adolescents with HIV/AIDS 2004,https://pubmed.ncbi.nlm.nih.gov/15675500/,https://pubmed.ncbi.nlm.nih.gov/15675500/,Host restricted automated checking; link retained.
restricted,403,Socio-demographic characteristics of HIV-exposed and HIV-infected Jamaican children 2004,https://pubmed.ncbi.nlm.nih.gov/15675495/,https://pubmed.ncbi.nlm.nih.gov/15675495/,Host restricted automated checking; link retained.
restricted,403,Sociocultural correlates of HIV/AIDS-related stigma in rural Jamaica 2005,https://pubmed.ncbi.nlm.nih.gov/17624035/,https://pubmed.ncbi.nlm.nih.gov/17624035/,Host restricted automated checking; link retained.
restricted,403,Sources of information on HIV/AIDS used by adolescents and young people: A scoping review protocol,https://pubmed.ncbi.nlm.nih.gov/41666189/,https://pubmed.ncbi.nlm.nih.gov/41666189/,Host restricted automated checking; link retained.
restricted,403,"Studies on gonorrhoea. I. Some social and sexual parameters of male patients in Kingston, Jamaica",https://pubmed.ncbi.nlm.nih.gov/14110553/,https://pubmed.ncbi.nlm.nih.gov/14110553/,Host restricted automated checking; link retained.
restricted,403,Survey of patients with sexually transmitted diseases seen by private physicians in Jamaica,https://pubmed.ncbi.nlm.nih.gov/9260533/,https://pubmed.ncbi.nlm.nih.gov/9260533/,Host restricted automated checking; link retained.
restricted,403,Survival now versus survival later: immediate and delayed HIV risk assessment among young Jamaican men who have transactional sex with men,https://pubmed.ncbi.nlm.nih.gov/30444450/,https://pubmed.ncbi.nlm.nih.gov/30444450/,Host restricted automated checking; link retained.
restricted,403,Symptomatic and asymptomatic chlamydial non-gonococcal urethritis in Jamaica: the potential for HIV transmission,https://pubmed.ncbi.nlm.nih.gov/10726944/,https://pubmed.ncbi.nlm.nih.gov/10726944/,Host restricted automated checking; link retained.
restricted,403,"Syndemic Experiences, Protective Factors, and HIV Vulnerabilities Among Lesbian, Gay, Bisexual and Transgender Persons in Jamaica",https://pubmed.ncbi.nlm.nih.gov/30600454/,https://pubmed.ncbi.nlm.nih.gov/30600454/,Host restricted automated checking; link retained.
restricted,403,"Syphilis in School Children of Kingston, Jamaica",https://pubmed.ncbi.nlm.nih.gov/20780696/,https://pubmed.ncbi.nlm.nih.gov/20780696/,Host restricted automated checking; link retained.
restricted,403,Target 95-95-95 during childhood and pre-adolescence in Latin America and the Caribbean,https://pubmed.ncbi.nlm.nih.gov/40529950/,https://pubmed.ncbi.nlm.nih.gov/40529950/,Host restricted automated checking; link retained.
restricted,403,"The Caribbean, Central and South America Network for HIV Epidemiology: 20 Years of HIV Research in the Region",https://pubmed.ncbi.nlm.nih.gov/42502244/,https://pubmed.ncbi.nlm.nih.gov/42502244/,Host restricted automated checking; link retained.
restricted,403,The HIV epidemic in Jamaica: a need to strengthen the National HIV Program,https://pubmed.ncbi.nlm.nih.gov/33245295/,https://pubmed.ncbi.nlm.nih.gov/33245295/,Host restricted automated checking; link retained.
restricted,403,The HIV/AIDS epidemic in Jamaica 1995,https://pubmed.ncbi.nlm.nih.gov/7546422/,https://pubmed.ncbi.nlm.nih.gov/7546422/,Host restricted automated checking; link retained.
restricted,403,The Jamaican adolescent: an assessment of knowledge and attitudes regarding HIV/AIDS 2001,https://pubmed.ncbi.nlm.nih.gov/12962255/,https://pubmed.ncbi.nlm.nih.gov/12962255/,Host restricted automated checking; link retained.
restricted,403,The challenge of promoting safe sex at sites where persons meet new sex partners in Jamaica: results of the Kingston PLACE randomized controlled trial,https://pubmed.ncbi.nlm.nih.gov/20545916/,https://pubmed.ncbi.nlm.nih.gov/20545916/,Host restricted automated checking; link retained.
restricted,403,The determinants of sexual intercourse before age 16 years among rural Jamaican adolescents,https://pubmed.ncbi.nlm.nih.gov/17450311/,https://pubmed.ncbi.nlm.nih.gov/17450311/,Host restricted automated checking; link retained.
restricted,403,The evolution of serious health-related suffering from 1990 to 2021: an update to The Lancet Commission on global access to palliative care and pain relief,https://pubmed.ncbi.nlm.nih.gov/40021301/,https://pubmed.ncbi.nlm.nih.gov/40021301/,Host restricted automated checking; link retained.
restricted,403,"The implementation of tuberculosis preventive therapy in HIV care clinics in Africa, Asia and Latin America: a multiregional site survey",https://pubmed.ncbi.nlm.nih.gov/41592909/,https://pubmed.ncbi.nlm.nih.gov/41592909/,Host restricted automated checking; link retained.
restricted,403,The performance of a syndromic algorithm in diagnosing cervicitis in Jamaica,https://pubmed.ncbi.nlm.nih.gov/31074362/,https://pubmed.ncbi.nlm.nih.gov/31074362/,Host restricted automated checking; link retained.
restricted,403,The persistent chasm between PrEP awareness and uptake: characterizing the biomedical HIV prevention continuum in a nationwide cohort of transgender women in the United States and Puerto Rico,https://pubmed.ncbi.nlm.nih.gov/41414743/,https://pubmed.ncbi.nlm.nih.gov/41414743/,Host restricted automated checking; link retained.
restricted,403,The prevalence of other sexually transmitted infections in confirmed HIV cases at a referral clinic in Jamaica,https://pubmed.ncbi.nlm.nih.gov/18814406/,https://pubmed.ncbi.nlm.nih.gov/18814406/,Host restricted automated checking; link retained.
restricted,403,The role of sympathy on avoidance intention toward persons living with HIV/AIDS in Jamaica,https://pubmed.ncbi.nlm.nih.gov/17012096/,https://pubmed.ncbi.nlm.nih.gov/17012096/,Host restricted automated checking; link retained.
restricted,403,The seroprevalence of hepatitis and retroviral infection in Jamaican haemodialysis patients,https://pubmed.ncbi.nlm.nih.gov/9861862/,https://pubmed.ncbi.nlm.nih.gov/9861862/,Host restricted automated checking; link retained.
restricted,403,The use of the reiter protein complement fixation test in the diagnosis of syphilis in Jamaica,https://pubmed.ncbi.nlm.nih.gov/14290709/,https://pubmed.ncbi.nlm.nih.gov/14290709/,Host restricted automated checking; link retained.
restricted,403,Transactional sex and risky sexual practices in Jamaica,https://pubmed.ncbi.nlm.nih.gov/39095070/,https://pubmed.ncbi.nlm.nih.gov/39095070/,Host restricted automated checking; link retained.
restricted,403,Transfer is not a transition – voices of Jamaican adolescents with HIV and their health care providers,https://pubmed.ncbi.nlm.nih.gov/30345791/,https://pubmed.ncbi.nlm.nih.gov/30345791/,Host restricted automated checking; link retained.
restricted,403,Treatment of gonorrhoea and susceptibility to antimicrobials of PPNG and non-PPNG strains in Jamaica,https://pubmed.ncbi.nlm.nih.gov/3123360/,https://pubmed.ncbi.nlm.nih.gov/3123360/,Host restricted automated checking; link retained.
restricted,403,"Trends and factors associated with initiation of HIV treatment among PLHIV in Jamaica, 2015-2019 (PLoS One)",https://pubmed.ncbi.nlm.nih.gov/37235603/,https://pubmed.ncbi.nlm.nih.gov/37235603/,Host restricted automated checking; link retained.
restricted,403,"Trends in HIV risk perception, condom use and sexual history among Jamaican youth, 1996-2004",https://pubmed.ncbi.nlm.nih.gov/17593771/,https://pubmed.ncbi.nlm.nih.gov/17593771/,Host restricted automated checking; link retained.
restricted,403,Tuberculosis and HIV co-infections in Jamaican children 2004,https://pubmed.ncbi.nlm.nih.gov/15675501/,https://pubmed.ncbi.nlm.nih.gov/15675501/,Host restricted automated checking; link retained.
restricted,403,"Tuberculosis, chickenpox and scabies outbreaks in an orphanage for children with HIV/AIDS in Jamaica 2004",https://pubmed.ncbi.nlm.nih.gov/15675502/,https://pubmed.ncbi.nlm.nih.gov/15675502/,Host restricted automated checking; link retained.
restricted,403,Understanding the high prevalence of HIV and other sexually transmitted infections among socio-economically vulnerable men who have sex with men in Jamaica (PLoS One),https://pubmed.ncbi.nlm.nih.gov/25659122/,https://pubmed.ncbi.nlm.nih.gov/25659122/,Host restricted automated checking; link retained.
restricted,403,Unravelling Delay in Care for Sexually Transmitted Infections-Related Symptoms in a Developing Country Setting (Jamaica),https://pubmed.ncbi.nlm.nih.gov/37395626/,https://pubmed.ncbi.nlm.nih.gov/37395626/,Host restricted automated checking; link retained.
restricted,403,"Uptake of interventions, outcomes and challenges in caring for HIV-exposed infants in Kingston, Jamaica 2004",https://pubmed.ncbi.nlm.nih.gov/15675496/,https://pubmed.ncbi.nlm.nih.gov/15675496/,Host restricted automated checking; link retained.
restricted,403,Using estimation and projection package and Spectrum for Jamaica’s national HIV estimates and targets,https://pubmed.ncbi.nlm.nih.gov/21106514/,https://pubmed.ncbi.nlm.nih.gov/21106514/,Host restricted automated checking; link retained.
restricted,403,Voices of the women: feedback from women of child-bearing age who are living with HIV can help improve efficacy of psychosocial interventions,https://pubmed.ncbi.nlm.nih.gov/19583128/,https://pubmed.ncbi.nlm.nih.gov/19583128/,Host restricted automated checking; link retained.
restricted,403,Working women’s sexual risk taking in Jamaica 1996,https://pubmed.ncbi.nlm.nih.gov/8735897/,https://pubmed.ncbi.nlm.nih.gov/8735897/,Host restricted automated checking; link retained.
restricted,403,"de Jong HK, Grobusch MP. Zika virus: an overview update. Curr Opin HIV AIDS. 2025 May 1;20(3):294-302",https://pubmed.ncbi.nlm.nih.gov/40048580/,https://pubmed.ncbi.nlm.nih.gov/40048580/,Host restricted automated checking; link retained.
restricted,403,‘We are Jamaicans:’ living with challenging the criminalization of homosexuality in Jamaica,https://www.tandfonline.com/doi/abs/10.1080/10282580.2015.1101687,https://www.tandfonline.com/doi/abs/10.1080/10282580.2015.1101687,Host restricted automated checking; link retained.
restricted,403,“Do you think your main partner has other sex partners?” A simple question provides insight into sexual risk in Jamaica,https://pubmed.ncbi.nlm.nih.gov/24695013/,https://pubmed.ncbi.nlm.nih.gov/24695013/,Host restricted automated checking; link retained.
restricted,403,“I Kept It to Myself”: Young Jamaican Men Who Have Sex with Men’s Experiences with Childhood Sexual Abuse and Sexual Assault,https://pubmed.ncbi.nlm.nih.gov/29951864/,https://pubmed.ncbi.nlm.nih.gov/29951864/,Host restricted automated checking; link retained.
restricted,403,“Nothing for Us Without Us”: An Evaluation of Patient Engagement in an HIV Care Improvement Collaborative in the Caribbean,https://pubmed.ncbi.nlm.nih.gov/36332062/,https://pubmed.ncbi.nlm.nih.gov/36332062/,Host restricted automated checking; link retained.
