Resource ID,Exact Legacy Title,Authors,Year,Journal/Publisher,Citation,PMID,DOI,Legacy Main Page,Legacy Category Page,Legacy Page URL,Legacy Section,Repository Category,Description,Resource Type,Original URL,Underlying URL,File URL,Original Filename,File Format,Publication Date,Organisation,Topic,Current/Historical,Original Link Status,File Recovered,File Verified,Current Official Version Found,Current Official URL,Proposed HSTU Destination,Migration Decision,Gia Keywords,Verification Date,Notes
JMERG-003,MONITORING AND EVALUATION OF THE HIV CASCADE,,Undated,,,,,Resources _ Jmerg(1).html,,,,,,PDF,https://2aef310d-9351-419e-9a0a-317bf599b4ac.filesusr.com/ugd/8a054d_86b718ddb6774860b84054a5957752ab.pdf,https://2aef310d-9351-419e-9a0a-317bf599b4ac.filesusr.com/ugd/8a054d_86b718ddb6774860b84054a5957752ab.pdf,,,,,,HIV; Cascade,Legacy/Unclassified,LINK RECOVERED,NO,NO,,,Research,MIGRATED AS LINK,MONITORING AND EVALUATION OF THE HIV CASCADE HIV Cascade,,Recovered from saved J-MERG main-page HTML.
JMERG-004,HIV Services Final,,Undated,,,,,Resources _ Jmerg(1).html,,,,,,PDF,https://2aef310d-9351-419e-9a0a-317bf599b4ac.filesusr.com/ugd/8a054d_232d4e48bfdb43dc84cad99fb3dd35ac.pdf,https://2aef310d-9351-419e-9a0a-317bf599b4ac.filesusr.com/ugd/8a054d_232d4e48bfdb43dc84cad99fb3dd35ac.pdf,,,,,,HIV,Legacy/Unclassified,LINK RECOVERED,NO,NO,,,Learning,MIGRATED AS LINK,HIV Services Final HIV,,Recovered from saved J-MERG main-page HTML.
JMERG-005,Pharmacology and Pharmacotherapy of ARVs Updated 2025 HW,,2025,,,,,Resources _ Jmerg(1).html,,,,,,PDF,https://2aef310d-9351-419e-9a0a-317bf599b4ac.filesusr.com/ugd/8a054d_4b1521a6445d44e3ba65329dba239ae7.pdf,https://2aef310d-9351-419e-9a0a-317bf599b4ac.filesusr.com/ugd/8a054d_4b1521a6445d44e3ba65329dba239ae7.pdf,,,,,,HIV/STI/TB,Legacy/Unclassified,LINK RECOVERED,NO,NO,,,Learning,MIGRATED AS LINK,Pharmacology and Pharmacotherapy of ARVs Updated 2025 HW HIV/STI/TB,,Recovered from saved J-MERG main-page HTML.
JMERG-006,Opportunistic Infections 2025,,2025,,,,,Resources _ Jmerg(1).html,,,,,,PDF,https://2aef310d-9351-419e-9a0a-317bf599b4ac.filesusr.com/ugd/8a054d_113095e952124786b4d63d78dafba366.pdf,https://2aef310d-9351-419e-9a0a-317bf599b4ac.filesusr.com/ugd/8a054d_113095e952124786b4d63d78dafba366.pdf,,,,,,STI,Legacy/Unclassified,LINK RECOVERED,NO,NO,,,Learning,MIGRATED AS LINK,Opportunistic Infections 2025 STI,,Recovered from saved J-MERG main-page HTML.
JMERG-007,ENGAGING KEY POPULATIONS - SUPPORT SERVICES,,Undated,,,,,Resources _ Jmerg(1).html,,,,,,PDF,https://2aef310d-9351-419e-9a0a-317bf599b4ac.filesusr.com/ugd/8a054d_0f65d83deb3a4d3492aa49e6ea346f13.pdf,https://2aef310d-9351-419e-9a0a-317bf599b4ac.filesusr.com/ugd/8a054d_0f65d83deb3a4d3492aa49e6ea346f13.pdf,,,,,,Key Populations,Legacy/Unclassified,LINK RECOVERED,NO,NO,,,Learning,MIGRATED AS LINK,ENGAGING KEY POPULATIONS - SUPPORT SERVICES Key Populations,,Recovered from saved J-MERG main-page HTML.
JMERG-008,Preped and Ready to Go reviewed and final,,Undated,,,,,Resources _ Jmerg(1).html,,,,,,PDF,https://2aef310d-9351-419e-9a0a-317bf599b4ac.filesusr.com/ugd/8a054d_4baa6a2f12c24c6dbaee2ec72b663244.pdf,https://2aef310d-9351-419e-9a0a-317bf599b4ac.filesusr.com/ugd/8a054d_4baa6a2f12c24c6dbaee2ec72b663244.pdf,,,,,,PrEP,Legacy/Unclassified,LINK RECOVERED,NO,NO,,,Learning,MIGRATED AS LINK,Preped and Ready to Go reviewed and final PrEP,,Recovered from saved J-MERG main-page HTML.
JMERG-009,Human Rights in the Health Care Setting 3,,Undated,,,,,Resources _ Jmerg(1).html,,,,,,PDF,https://2aef310d-9351-419e-9a0a-317bf599b4ac.filesusr.com/ugd/8a054d_9c6bd60e58804d7e9bd7b1210fd30ba1.pdf,https://2aef310d-9351-419e-9a0a-317bf599b4ac.filesusr.com/ugd/8a054d_9c6bd60e58804d7e9bd7b1210fd30ba1.pdf,,,,,,HIV/STI/TB,Legacy/Unclassified,LINK RECOVERED,NO,NO,,,Learning,MIGRATED AS LINK,Human Rights in the Health Care Setting 3 HIV/STI/TB,,Recovered from saved J-MERG main-page HTML.
JMERG-010,HIV Testing Presentation,,Undated,,,,,Resources _ Jmerg(1).html,,,,,,PDF,https://2aef310d-9351-419e-9a0a-317bf599b4ac.filesusr.com/ugd/8a054d_9c0f0d22003e4b859fa38f15a7413073.pdf,https://2aef310d-9351-419e-9a0a-317bf599b4ac.filesusr.com/ugd/8a054d_9c0f0d22003e4b859fa38f15a7413073.pdf,,,,,,HIV; STI,Legacy/Unclassified,LINK RECOVERED,NO,NO,,,Learning,MIGRATED AS LINK,HIV Testing Presentation HIV STI,,Recovered from saved J-MERG main-page HTML.
JMERG-011,Ageing PLHIV 2025,,2025,,,,,Resources _ Jmerg(1).html,,,,,,PDF,https://2aef310d-9351-419e-9a0a-317bf599b4ac.filesusr.com/ugd/8a054d_9e6b1d09515245948846c854a3614ddc.pdf,https://2aef310d-9351-419e-9a0a-317bf599b4ac.filesusr.com/ugd/8a054d_9e6b1d09515245948846c854a3614ddc.pdf,,,,,,HIV,Legacy/Unclassified,LINK RECOVERED,NO,NO,,,Learning,MIGRATED AS LINK,Ageing PLHIV 2025 HIV,,Recovered from saved J-MERG main-page HTML.
JMERG-012,TCS Annual Forum Poster_Jarrett_Final,,Undated,,,,,Resources _ Jmerg(1).html,,,,,,PDF,https://2aef310d-9351-419e-9a0a-317bf599b4ac.filesusr.com/ugd/8a054d_1f06dc50326b4836a2fdf20ac5a53369.pdf,https://2aef310d-9351-419e-9a0a-317bf599b4ac.filesusr.com/ugd/8a054d_1f06dc50326b4836a2fdf20ac5a53369.pdf,,,,,,HIV/STI/TB,Legacy/Unclassified,LINK RECOVERED,NO,NO,,,Gallery,MIGRATED AS LINK,TCS Annual Forum Poster_Jarrett_Final HIV/STI/TB,,Recovered from saved J-MERG main-page HTML.
JMERG-013,Trought_Kupa_TCS Annual Forum Poster_FINAL,,Undated,,,,,Resources _ Jmerg(1).html,,,,,,PDF,https://2aef310d-9351-419e-9a0a-317bf599b4ac.filesusr.com/ugd/8a054d_9397627194fb4426b80cc8067aad32ad.pdf,https://2aef310d-9351-419e-9a0a-317bf599b4ac.filesusr.com/ugd/8a054d_9397627194fb4426b80cc8067aad32ad.pdf,,,,,,HIV/STI/TB,Legacy/Unclassified,LINK RECOVERED,NO,NO,,,Gallery,MIGRATED AS LINK,Trought_Kupa_TCS Annual Forum Poster_FINAL HIV/STI/TB,,Recovered from saved J-MERG main-page HTML.
JMERG-014,TCS Annual Forum Poster Presentation (Daniel Perry),,Undated,,,,,Resources _ Jmerg(1).html,,,,,,PDF,https://2aef310d-9351-419e-9a0a-317bf599b4ac.filesusr.com/ugd/8a054d_f79974bc4057439f847eb7d1d9744fb6.pdf,https://2aef310d-9351-419e-9a0a-317bf599b4ac.filesusr.com/ugd/8a054d_f79974bc4057439f847eb7d1d9744fb6.pdf,,,,,,HIV/STI/TB,Legacy/Unclassified,LINK RECOVERED,NO,NO,,,Gallery,MIGRATED AS LINK,TCS Annual Forum Poster Presentation (Daniel Perry) HIV/STI/TB,,Recovered from saved J-MERG main-page HTML.
JMERG-015,https://www.stigmaindex.org/wp-content/uploads/2020/06/Jamaica-SI-Report-2020,,2020,,,,,Reports _ Jmerg.html,,,,,,PDF,https://www.stigmaindex.org/wp-content/uploads/2020/06/Jamaica-SI-Report-2020.pdf,https://www.stigmaindex.org/wp-content/uploads/2020/06/Jamaica-SI-Report-2020.pdf,,,,,,STI,Legacy/Unclassified,LINK RECOVERED,NO,NO,,,Research,MIGRATED AS LINK,https://www.stigmaindex.org/wp-content/uploads/2020/06/Jamaica-SI-Report-2020 STI,,Recovered from saved J-MERG main-page HTML.
JMERG-016,https://publications.iadb.org/en/womens-health-survey-2016-jamaica-final-report,,2016,,,,,Reports _ Jmerg.html,,,,,,External Link,https://publications.iadb.org/en/womens-health-survey-2016-jamaica-final-report,https://publications.iadb.org/en/womens-health-survey-2016-jamaica-final-report,,,,,,HIV/STI/TB,Legacy/Unclassified,LINK RECOVERED,NO,NO,,,Research,MIGRATED AS LINK,https://publications.iadb.org/en/womens-health-survey-2016-jamaica-final-report HIV/STI/TB,,Recovered from saved J-MERG main-page HTML.
JMERG-017,https://hstu.moh.gov.jm/media/reports/,,Undated,,,,,Reports _ Jmerg.html,,,,,,External Link,https://hstu.moh.gov.jm/media/reports/,https://hstu.moh.gov.jm/media/reports/,,,,,,HIV/STI/TB,Legacy/Unclassified,LINK RECOVERED,NO,NO,,,Research,MIGRATED AS LINK,https://hstu.moh.gov.jm/media/reports/ HIV/STI/TB,,Recovered from saved J-MERG main-page HTML.
JMERG-018,https://hstu.moh.gov.jm/media/policy-papers/,,Undated,,,,,Reports _ Jmerg.html,,,,,,External Link,https://hstu.moh.gov.jm/media/policy-papers/,https://hstu.moh.gov.jm/media/policy-papers/,,,,,,HIV/STI/TB,Legacy/Unclassified,LINK RECOVERED,NO,NO,,,Research,MIGRATED AS LINK,https://hstu.moh.gov.jm/media/policy-papers/ HIV/STI/TB,,Recovered from saved J-MERG main-page HTML.
JMERG-019,,,Undated,,,,,Reports _ Jmerg.html,,,,,,External Link,https://hstu.moh.gov.jm/media/manuals/,https://hstu.moh.gov.jm/media/manuals/,,,,,,HIV/STI/TB,Legacy/Unclassified,LINK RECOVERED,NO,NO,,,Research,MIGRATED AS LINK, HIV/STI/TB,,Recovered from saved J-MERG main-page HTML.
JMERG-020,https://hstu.moh.gov.jm/media/research/,,Undated,,,,,Reports _ Jmerg.html,,,,,,External Link,https://hstu.moh.gov.jm/media/research/,https://hstu.moh.gov.jm/media/research/,,,,,,HIV/STI/TB,Legacy/Unclassified,LINK RECOVERED,NO,NO,,,Research,MIGRATED AS LINK,https://hstu.moh.gov.jm/media/research/ HIV/STI/TB,,Recovered from saved J-MERG main-page HTML.
JMERG-021,https://hstu.moh.gov.jm/media/strategic-plans/,,Undated,,,,,Reports _ Jmerg.html,,,,,,External Link,https://hstu.moh.gov.jm/media/strategic-plans/,https://hstu.moh.gov.jm/media/strategic-plans/,,,,,,HIV/STI/TB,Legacy/Unclassified,LINK RECOVERED,NO,NO,,,Research,MIGRATED AS LINK,https://hstu.moh.gov.jm/media/strategic-plans/ HIV/STI/TB,,Recovered from saved J-MERG main-page HTML.
JMERG-022,Revised DHIS 2 Annual Database Monitoring Report_Feb23 (1) (5),,Undated,,,,,Reports _ Jmerg.html,,,,,,PDF,https://2aef310d-9351-419e-9a0a-317bf599b4ac.filesusr.com/ugd/8a054d_3f80f0231b7c4e3f96c1d1f247d2eb51.pdf,https://2aef310d-9351-419e-9a0a-317bf599b4ac.filesusr.com/ugd/8a054d_3f80f0231b7c4e3f96c1d1f247d2eb51.pdf,,,,,,HIV/STI/TB,Legacy/Unclassified,LINK RECOVERED,NO,NO,,,Research,MIGRATED AS LINK,Revised DHIS 2 Annual Database Monitoring Report_Feb23 (1) (5) HIV/STI/TB,,Recovered from saved J-MERG main-page HTML.
JMERG-023,Treatment Cascade Report December 2025,,2025,,,,,Reports _ Jmerg.html,,,,,,PDF,https://2aef310d-9351-419e-9a0a-317bf599b4ac.filesusr.com/ugd/8a054d_e8bb427890524e4eb4f181a5252b2b91.pdf,https://2aef310d-9351-419e-9a0a-317bf599b4ac.filesusr.com/ugd/8a054d_e8bb427890524e4eb4f181a5252b2b91.pdf,,,,,,Cascade,Legacy/Unclassified,LINK RECOVERED,NO,NO,,,Research,MIGRATED AS LINK,Treatment Cascade Report December 2025 Cascade,,Recovered from saved J-MERG main-page HTML.
JMERG-024,FINAL-NHP-Annual-Report-2017,,2017,,,,,Reports _ Jmerg.html,,,,,,PDF,https://2aef310d-9351-419e-9a0a-317bf599b4ac.filesusr.com/ugd/8a054d_a2e0939746a94fda8650744b478d9c3e.pdf,https://2aef310d-9351-419e-9a0a-317bf599b4ac.filesusr.com/ugd/8a054d_a2e0939746a94fda8650744b478d9c3e.pdf,,,,,,HIV/STI/TB,Legacy/Unclassified,LINK RECOVERED,NO,NO,,,Research,MIGRATED AS LINK,FINAL-NHP-Annual-Report-2017 HIV/STI/TB,,Recovered from saved J-MERG main-page HTML.
JMERG-025,Jamaica-Health-and-Lifestyle-Survey-2016-17-JHLSIII-Electronic,,2016,,,,,Reports _ Jmerg.html,,,,,,PDF,https://2aef310d-9351-419e-9a0a-317bf599b4ac.filesusr.com/ugd/8a054d_726e0dd7ed5247a480fc88d29c268af2.pdf,https://2aef310d-9351-419e-9a0a-317bf599b4ac.filesusr.com/ugd/8a054d_726e0dd7ed5247a480fc88d29c268af2.pdf,,,,,,HIV/STI/TB,Legacy/Unclassified,LINK RECOVERED,NO,NO,,,Research,MIGRATED AS LINK,Jamaica-Health-and-Lifestyle-Survey-2016-17-JHLSIII-Electronic HIV/STI/TB,,Recovered from saved J-MERG main-page HTML.
JMERG-026,Jamaica MICS 2022 Survey Findings Report Part 1,,2022,,,,,Reports _ Jmerg.html,,,,,,PDF,https://2aef310d-9351-419e-9a0a-317bf599b4ac.filesusr.com/ugd/8a054d_32cf5fce0d294d38bc37f114cdb97df9.pdf,https://2aef310d-9351-419e-9a0a-317bf599b4ac.filesusr.com/ugd/8a054d_32cf5fce0d294d38bc37f114cdb97df9.pdf,,,,,,HIV/STI/TB,Legacy/Unclassified,LINK RECOVERED,NO,NO,,,Research,MIGRATED AS LINK,Jamaica MICS 2022 Survey Findings Report Part 1 HIV/STI/TB,,Recovered from saved J-MERG main-page HTML.
JMERG-027,Jamaica-Survey-of-Living-Conditions-2021-Overview,,2021,,,,,Reports _ Jmerg.html,,,,,,PDF,https://2aef310d-9351-419e-9a0a-317bf599b4ac.filesusr.com/ugd/8a054d_8ad5d4329efc43718ec95abf8b3f1ebf.pdf,https://2aef310d-9351-419e-9a0a-317bf599b4ac.filesusr.com/ugd/8a054d_8ad5d4329efc43718ec95abf8b3f1ebf.pdf,,,,,,HIV/STI/TB,Legacy/Unclassified,LINK RECOVERED,NO,NO,,,Research,MIGRATED AS LINK,Jamaica-Survey-of-Living-Conditions-2021-Overview HIV/STI/TB,,Recovered from saved J-MERG main-page HTML.
JMERG-028,jamaica_nasa_2015-2017_en,,Undated,,,,,Reports _ Jmerg.html,,,,,,PDF,https://2aef310d-9351-419e-9a0a-317bf599b4ac.filesusr.com/ugd/8a054d_41e2a7f3aa334a26a0063d9525c6cea0.pdf,https://2aef310d-9351-419e-9a0a-317bf599b4ac.filesusr.com/ugd/8a054d_41e2a7f3aa334a26a0063d9525c6cea0.pdf,,,,,,HIV/STI/TB,Legacy/Unclassified,LINK RECOVERED,NO,NO,,,Research,MIGRATED AS LINK,jamaica_nasa_2015-2017_en HIV/STI/TB,,Recovered from saved J-MERG main-page HTML.
JMERG-029,Deliverable 5b - Final Draft NCPI (1) (2),,Undated,,,,,Reports _ Jmerg.html,,,,,,PDF,https://2aef310d-9351-419e-9a0a-317bf599b4ac.filesusr.com/ugd/8a054d_4eeac0c75daf4f2f8e9872e311f86861.pdf,https://2aef310d-9351-419e-9a0a-317bf599b4ac.filesusr.com/ugd/8a054d_4eeac0c75daf4f2f8e9872e311f86861.pdf,,,,,,HIV/STI/TB,Legacy/Unclassified,LINK RECOVERED,NO,NO,,,Research,MIGRATED AS LINK,Deliverable 5b - Final Draft NCPI (1) (2) HIV/STI/TB,,Recovered from saved J-MERG main-page HTML.
JMERG-030,Final version NCPI report 2024 - 03.28.2024,,2024,,,,,Reports _ Jmerg.html,,,,,,PDF,https://2aef310d-9351-419e-9a0a-317bf599b4ac.filesusr.com/ugd/8a054d_e809e24019ea4156a36af7b272432e55.pdf,https://2aef310d-9351-419e-9a0a-317bf599b4ac.filesusr.com/ugd/8a054d_e809e24019ea4156a36af7b272432e55.pdf,,,,,,HIV/STI/TB,Legacy/Unclassified,LINK RECOVERED,NO,NO,,,Research,MIGRATED AS LINK,Final version NCPI report 2024 - 03.28.2024 HIV/STI/TB,,Recovered from saved J-MERG main-page HTML.
JMERG-031,ANNUAL PMTCT DATABASE REPORT 2025_Final,,Undated,,,,,Reports _ Jmerg.html,,,,,,PDF,https://2aef310d-9351-419e-9a0a-317bf599b4ac.filesusr.com/ugd/8a054d_1d343e95846d406eb9b7a2e25ce23592.pdf,https://2aef310d-9351-419e-9a0a-317bf599b4ac.filesusr.com/ugd/8a054d_1d343e95846d406eb9b7a2e25ce23592.pdf,,,,,,PMTCT,Legacy/Unclassified,LINK RECOVERED,NO,NO,,,Research,MIGRATED AS LINK,ANNUAL PMTCT DATABASE REPORT 2025_Final PMTCT,,Recovered from saved J-MERG main-page HTML.
JMERG-032,3. SI Monthly Report March 2026 Final,,2026,,,,,Reports _ Jmerg.html,,,,,,PDF,https://2aef310d-9351-419e-9a0a-317bf599b4ac.filesusr.com/ugd/8a054d_1479a1a62dc646c79c0da8c220455801.pdf,https://2aef310d-9351-419e-9a0a-317bf599b4ac.filesusr.com/ugd/8a054d_1479a1a62dc646c79c0da8c220455801.pdf,,,,,,HIV/STI/TB,Legacy/Unclassified,LINK RECOVERED,NO,NO,,,Research,MIGRATED AS LINK,3. SI Monthly Report March 2026 Final HIV/STI/TB,,Recovered from saved J-MERG main-page HTML.
JMERG-033,SI Report for July 2026,,2026,,,,,Reports _ Jmerg.html,,,,,,PDF,https://2aef310d-9351-419e-9a0a-317bf599b4ac.filesusr.com/ugd/8a054d_089d438912ef4d23a90c6a211e3c9f05.pdf,https://2aef310d-9351-419e-9a0a-317bf599b4ac.filesusr.com/ugd/8a054d_089d438912ef4d23a90c6a211e3c9f05.pdf,,,,,,HIV/STI/TB,Legacy/Unclassified,LINK RECOVERED,NO,NO,,,Research,MIGRATED AS LINK,SI Report for July 2026 HIV/STI/TB,,Recovered from saved J-MERG main-page HTML.
JMERG-034,SI Annual Report 2025_May 11_2026_HPPB,,Undated,,,,,Reports _ Jmerg.html,,,,,,PDF,https://2aef310d-9351-419e-9a0a-317bf599b4ac.filesusr.com/ugd/8a054d_91624b54be8d44dcbcbb63d6dd91db21.pdf,https://2aef310d-9351-419e-9a0a-317bf599b4ac.filesusr.com/ugd/8a054d_91624b54be8d44dcbcbb63d6dd91db21.pdf,,,,,,HIV/STI/TB,Legacy/Unclassified,LINK RECOVERED,NO,NO,,,Research,MIGRATED AS LINK,SI Annual Report 2025_May 11_2026_HPPB HIV/STI/TB,,Recovered from saved J-MERG main-page HTML.
JMERG-035,SI Annual Report 2025,,2025,,,,,Reports _ Jmerg.html,,,,,,PDF,https://2aef310d-9351-419e-9a0a-317bf599b4ac.filesusr.com/ugd/8a054d_4295db50ce3d463ea5b72e1c7287ecf6.pdf,https://2aef310d-9351-419e-9a0a-317bf599b4ac.filesusr.com/ugd/8a054d_4295db50ce3d463ea5b72e1c7287ecf6.pdf,,,,,,HIV/STI/TB,Legacy/Unclassified,LINK RECOVERED,NO,NO,,,Research,MIGRATED AS LINK,SI Annual Report 2025 HIV/STI/TB,,Recovered from saved J-MERG main-page HTML.
JMERG-036,STI DATABASE REPORT_Jan-June_2025_Final,,Undated,,,,,Reports _ Jmerg.html,,,,,,PDF,https://2aef310d-9351-419e-9a0a-317bf599b4ac.filesusr.com/ugd/8a054d_ac05204be77a43d48aaa598686d13c44.pdf,https://2aef310d-9351-419e-9a0a-317bf599b4ac.filesusr.com/ugd/8a054d_ac05204be77a43d48aaa598686d13c44.pdf,,,,,,STI,Legacy/Unclassified,LINK RECOVERED,NO,NO,,,Research,MIGRATED AS LINK,STI DATABASE REPORT_Jan-June_2025_Final STI,,Recovered from saved J-MERG main-page HTML.
JMERG-037,STI Database Monitoring Report July to September 2025,,2025,,,,,Reports _ Jmerg.html,,,,,,PDF,https://2aef310d-9351-419e-9a0a-317bf599b4ac.filesusr.com/ugd/8a054d_cb05a673b0ac43d48b0ba8138e25164d.pdf,https://2aef310d-9351-419e-9a0a-317bf599b4ac.filesusr.com/ugd/8a054d_cb05a673b0ac43d48b0ba8138e25164d.pdf,,,,,,STI,Legacy/Unclassified,LINK RECOVERED,NO,NO,,,Research,MIGRATED AS LINK,STI Database Monitoring Report July to September 2025 STI,,Recovered from saved J-MERG main-page HTML.
JMERG-038,STI Database Monitoring Report Jan-Dec 2025 Annual,,2025,,,,,Reports _ Jmerg.html,,,,,,PDF,https://2aef310d-9351-419e-9a0a-317bf599b4ac.filesusr.com/ugd/8a054d_686eba28dc2f46d8bd58015d586ce1c8.pdf,https://2aef310d-9351-419e-9a0a-317bf599b4ac.filesusr.com/ugd/8a054d_686eba28dc2f46d8bd58015d586ce1c8.pdf,,,,,,STI,Legacy/Unclassified,LINK RECOVERED,NO,NO,,,Research,MIGRATED AS LINK,STI Database Monitoring Report Jan-Dec 2025 Annual STI,,Recovered from saved J-MERG main-page HTML.
JMERG-039,Annual TB Database report 2025_final,,Undated,,,,,Reports _ Jmerg.html,,,,,,PDF,https://2aef310d-9351-419e-9a0a-317bf599b4ac.filesusr.com/ugd/8a054d_428f44b7b0b64a1f87bc716e7135b508.pdf,https://2aef310d-9351-419e-9a0a-317bf599b4ac.filesusr.com/ugd/8a054d_428f44b7b0b64a1f87bc716e7135b508.pdf,,,,,,TB,Legacy/Unclassified,LINK RECOVERED,NO,NO,,,Research,MIGRATED AS LINK,Annual TB Database report 2025_final TB,,Recovered from saved J-MERG main-page HTML.
JMERG-040,FSW 2024.11.21 5th PLACE Final Clean_AB 21. 01.25 (1),,2024,,,,,Reports _ Jmerg.html,,,,,,PDF,https://2aef310d-9351-419e-9a0a-317bf599b4ac.filesusr.com/ugd/8a054d_719c768ab64d4f1587e5bda30769d3d0.pdf,https://2aef310d-9351-419e-9a0a-317bf599b4ac.filesusr.com/ugd/8a054d_719c768ab64d4f1587e5bda30769d3d0.pdf,,,,,,Key Populations,Legacy/Unclassified,LINK RECOVERED,NO,NO,,,Research,MIGRATED AS LINK,FSW 2024.11.21 5th PLACE Final Clean_AB 21. 01.25 (1) Key Populations,,Recovered from saved J-MERG main-page HTML.
JMERG-041,MSMTGW 2024 Survey Report Final 4March2025,,2024,,,,,Reports _ Jmerg.html,,,,,,PDF,https://2aef310d-9351-419e-9a0a-317bf599b4ac.filesusr.com/ugd/8a054d_b71d11e41ac640609d5b9ad4f2cebf5f.pdf,https://2aef310d-9351-419e-9a0a-317bf599b4ac.filesusr.com/ugd/8a054d_b71d11e41ac640609d5b9ad4f2cebf5f.pdf,,,,,,Key Populations,Legacy/Unclassified,LINK RECOVERED,NO,NO,,,Research,MIGRATED AS LINK,MSMTGW 2024 Survey Report Final 4March2025 Key Populations,,Recovered from saved J-MERG main-page HTML.
JMERG-042,2024.12.28 MSMTGW Survey Report (1),,2024,,,,,Reports _ Jmerg.html,,,,,,PDF,https://2aef310d-9351-419e-9a0a-317bf599b4ac.filesusr.com/ugd/8a054d_5b2796473da548c1848bff878b6f324f.pdf,https://2aef310d-9351-419e-9a0a-317bf599b4ac.filesusr.com/ugd/8a054d_5b2796473da548c1848bff878b6f324f.pdf,,,,,,Key Populations,Legacy/Unclassified,LINK RECOVERED,NO,NO,,,Research,MIGRATED AS LINK,2024.12.28 MSMTGW Survey Report (1) Key Populations,,Recovered from saved J-MERG main-page HTML.
JMERG-043,Terms-of-Reference-KABP-2021-HIV (1),,2021,,,,,Reports _ Jmerg.html,,,,,,PDF,https://2aef310d-9351-419e-9a0a-317bf599b4ac.filesusr.com/ugd/8a054d_214c146c40b84cac810622e89260c860.pdf,https://2aef310d-9351-419e-9a0a-317bf599b4ac.filesusr.com/ugd/8a054d_214c146c40b84cac810622e89260c860.pdf,,,,,,HIV; KABP,Legacy/Unclassified,LINK RECOVERED,NO,NO,,,Research,MIGRATED AS LINK,Terms-of-Reference-KABP-2021-HIV (1) HIV KABP,,Recovered from saved J-MERG main-page HTML.
JMERG-044,2024 HIV KABP Final REPORT -August 2025,,2024,,,,,Reports _ Jmerg.html,,,,,,PDF,https://2aef310d-9351-419e-9a0a-317bf599b4ac.filesusr.com/ugd/8a054d_808940ad37ff4310a4482e2b16c4ca06.pdf,https://2aef310d-9351-419e-9a0a-317bf599b4ac.filesusr.com/ugd/8a054d_808940ad37ff4310a4482e2b16c4ca06.pdf,,,,,,HIV; KABP,Legacy/Unclassified,LINK RECOVERED,NO,NO,,,Research,MIGRATED AS LINK,2024 HIV KABP Final REPORT -August 2025 HIV KABP,,Recovered from saved J-MERG main-page HTML.
JMERG-045,876 Study Report 11June19,,Undated,,,,,Reports _ Jmerg.html,,,,,,PDF,https://2aef310d-9351-419e-9a0a-317bf599b4ac.filesusr.com/ugd/8a054d_7b2be1720fc24132ac6bcfb19cf87e9b.pdf,https://2aef310d-9351-419e-9a0a-317bf599b4ac.filesusr.com/ugd/8a054d_7b2be1720fc24132ac6bcfb19cf87e9b.pdf,,,,,,HIV/STI/TB,Legacy/Unclassified,LINK RECOVERED,NO,NO,,,Research,MIGRATED AS LINK,876 Study Report 11June19 HIV/STI/TB,,Recovered from saved J-MERG main-page HTML.
JMERG-046,Final PLACE 2017 Report,,2017,,,,,Reports _ Jmerg.html,,,,,,PDF,https://2aef310d-9351-419e-9a0a-317bf599b4ac.filesusr.com/ugd/8a054d_e0e3718b9d5d4c2999bb124f3647785e.pdf,https://2aef310d-9351-419e-9a0a-317bf599b4ac.filesusr.com/ugd/8a054d_e0e3718b9d5d4c2999bb124f3647785e.pdf,,,,,,HIV/STI/TB,Legacy/Unclassified,LINK RECOVERED,NO,NO,,,Research,MIGRATED AS LINK,Final PLACE 2017 Report HIV/STI/TB,,Recovered from saved J-MERG main-page HTML.
JMERG-047,KABP 2017 Report,,2017,,,,,Reports _ Jmerg.html,,,,,,PDF,https://2aef310d-9351-419e-9a0a-317bf599b4ac.filesusr.com/ugd/8a054d_e9863a4cd2464e59bd20be83416ef1db.pdf,https://2aef310d-9351-419e-9a0a-317bf599b4ac.filesusr.com/ugd/8a054d_e9863a4cd2464e59bd20be83416ef1db.pdf,,,,,,KABP,Legacy/Unclassified,LINK RECOVERED,NO,NO,,,Research,MIGRATED AS LINK,KABP 2017 Report KABP,,Recovered from saved J-MERG main-page HTML.
JMERG-048,MSMTGW 2024 Survey Report Final 4March2025,,2024,,,,,Reports _ Jmerg.html,,,,,,PDF,https://2aef310d-9351-419e-9a0a-317bf599b4ac.filesusr.com/ugd/8a054d_9a00af4364d243b19f3cd6ad48d2d126.pdf,https://2aef310d-9351-419e-9a0a-317bf599b4ac.filesusr.com/ugd/8a054d_9a00af4364d243b19f3cd6ad48d2d126.pdf,,,,,,Key Populations,Legacy/Unclassified,LINK RECOVERED,NO,NO,,,Research,MIGRATED AS LINK,MSMTGW 2024 Survey Report Final 4March2025 Key Populations,,Recovered from saved J-MERG main-page HTML.
JMERG-049,Training report 2025,,2025,,,,,Reports _ Jmerg.html,,,,,,PDF,https://2aef310d-9351-419e-9a0a-317bf599b4ac.filesusr.com/ugd/8a054d_8fb5686d22a041839b74e7c9b4dbae9b.pdf,https://2aef310d-9351-419e-9a0a-317bf599b4ac.filesusr.com/ugd/8a054d_8fb5686d22a041839b74e7c9b4dbae9b.pdf,,,,,,HIV/STI/TB,Legacy/Unclassified,LINK RECOVERED,NO,NO,,,Learning,MIGRATED AS LINK,Training report 2025 HIV/STI/TB,,Recovered from saved J-MERG main-page HTML.
JMERG-050,Workshop on Pivot Tables,,Undated,,,,,Reports _ Jmerg.html,,,,,,PDF,https://2aef310d-9351-419e-9a0a-317bf599b4ac.filesusr.com/ugd/8a054d_186d997de4a14bbea91242b65d64a6d9.pdf,https://2aef310d-9351-419e-9a0a-317bf599b4ac.filesusr.com/ugd/8a054d_186d997de4a14bbea91242b65d64a6d9.pdf,,,,,,HIV/STI/TB,Legacy/Unclassified,LINK RECOVERED,NO,NO,,,Learning,MIGRATED AS LINK,Workshop on Pivot Tables HIV/STI/TB,,Recovered from saved J-MERG main-page HTML.
JMERG-051,Prevention Booklet Complete,,Undated,,,,,Reports _ Jmerg.html,,,,,,PDF,https://2aef310d-9351-419e-9a0a-317bf599b4ac.filesusr.com/ugd/8a054d_b76482ee88cc4952a110ea8e803482fd.pdf,https://2aef310d-9351-419e-9a0a-317bf599b4ac.filesusr.com/ugd/8a054d_b76482ee88cc4952a110ea8e803482fd.pdf,,,,,,HIV/STI/TB,Legacy/Unclassified,LINK RECOVERED,NO,NO,,,Learning,MIGRATED AS LINK,Prevention Booklet Complete HIV/STI/TB,,Recovered from saved J-MERG main-page HTML.
JMERG-052,TRAINING MANUAL FOR WORKSHOP PARTICIPANTS - MAY 20TH-2024_From_Dr_Ismail,,Undated,,,,,Reports _ Jmerg.html,,,,,,PDF,https://2aef310d-9351-419e-9a0a-317bf599b4ac.filesusr.com/ugd/8a054d_c63a8eaeebfb4ff0b04ffe2914586ee1.pdf,https://2aef310d-9351-419e-9a0a-317bf599b4ac.filesusr.com/ugd/8a054d_c63a8eaeebfb4ff0b04ffe2914586ee1.pdf,,,,,,HIV/STI/TB,Legacy/Unclassified,LINK RECOVERED,NO,NO,,,Manuals,MIGRATED AS LINK,TRAINING MANUAL FOR WORKSHOP PARTICIPANTS - MAY 20TH-2024_From_Dr_Ismail HIV/STI/TB,,Recovered from saved J-MERG main-page HTML.
JMERG-053,User Guide for STI_CI_EMTCT B,,Undated,,,,,Reports _ Jmerg.html,,,,,,PDF,https://2aef310d-9351-419e-9a0a-317bf599b4ac.filesusr.com/ugd/8a054d_cb9a47bb7218476da075cdf82cfe6f86.pdf,https://2aef310d-9351-419e-9a0a-317bf599b4ac.filesusr.com/ugd/8a054d_cb9a47bb7218476da075cdf82cfe6f86.pdf,,,,,,STI,Legacy/Unclassified,LINK RECOVERED,NO,NO,,,Manuals,MIGRATED AS LINK,User Guide for STI_CI_EMTCT B STI,,Recovered from saved J-MERG main-page HTML.
JMERG-054,Tuberculosis Database End-User Manual_RKF_May 20(1),,Undated,,,,,Reports _ Jmerg.html,,,,,,PDF,https://2aef310d-9351-419e-9a0a-317bf599b4ac.filesusr.com/ugd/8a054d_79c7ab8aca8f4850bb4901c9ebdc3c1d.pdf,https://2aef310d-9351-419e-9a0a-317bf599b4ac.filesusr.com/ugd/8a054d_79c7ab8aca8f4850bb4901c9ebdc3c1d.pdf,,,,,,TB,Legacy/Unclassified,LINK RECOVERED,NO,NO,,,Manuals,MIGRATED AS LINK,Tuberculosis Database End-User Manual_RKF_May 20(1) TB,,Recovered from saved J-MERG main-page HTML.
JMERG-055,TSIS Manual Updated (1) (1) (1),,Undated,,,,,Reports _ Jmerg.html,,,,,,PDF,https://2aef310d-9351-419e-9a0a-317bf599b4ac.filesusr.com/ugd/8a054d_8484c96c34774617831454d7e94f40d7.pdf,https://2aef310d-9351-419e-9a0a-317bf599b4ac.filesusr.com/ugd/8a054d_8484c96c34774617831454d7e94f40d7.pdf,,,,,,HIV/STI/TB,Legacy/Unclassified,LINK RECOVERED,NO,NO,,,Manuals,MIGRATED AS LINK,TSIS Manual Updated (1) (1) (1) HIV/STI/TB,,Recovered from saved J-MERG main-page HTML.
JMERG-056,30 Years of Advancement and Challenges in Early HIV Diagnosis in Jamaica,,Undated,,,,,Reports _ Jmerg.html,,,,,,PDF,https://2aef310d-9351-419e-9a0a-317bf599b4ac.filesusr.com/ugd/8a054d_44c0d25b3c4941c5b03d90fc5dddcde4.pdf,https://2aef310d-9351-419e-9a0a-317bf599b4ac.filesusr.com/ugd/8a054d_44c0d25b3c4941c5b03d90fc5dddcde4.pdf,,,,,,HIV,Legacy/Unclassified,LINK RECOVERED,NO,NO,,,Research,MIGRATED AS LINK,30 Years of Advancement and Challenges in Early HIV Diagnosis in Jamaica HIV,,Recovered from saved J-MERG main-page HTML.
JMERG-057,Correcting the Second and Third 90 Research Paper,,Undated,,,,,Reports _ Jmerg.html,,,,,,PDF,https://2aef310d-9351-419e-9a0a-317bf599b4ac.filesusr.com/ugd/8a054d_1306c4a299fe43418953073eff2e83f0.pdf,https://2aef310d-9351-419e-9a0a-317bf599b4ac.filesusr.com/ugd/8a054d_1306c4a299fe43418953073eff2e83f0.pdf,,,,,,HIV/STI/TB,Legacy/Unclassified,LINK RECOVERED,NO,NO,,,Research,MIGRATED AS LINK,Correcting the Second and Third 90 Research Paper HIV/STI/TB,,Recovered from saved J-MERG main-page HTML.
JMERG-058,Factors Associated with Very Late Presentation Among PLHIV in Southern Jamaica,,Undated,,,,,Reports _ Jmerg.html,,,,,,PDF,https://2aef310d-9351-419e-9a0a-317bf599b4ac.filesusr.com/ugd/8a054d_b66e1bccc3224e7ea899354e0f243e32.pdf,https://2aef310d-9351-419e-9a0a-317bf599b4ac.filesusr.com/ugd/8a054d_b66e1bccc3224e7ea899354e0f243e32.pdf,,,,,,HIV,Legacy/Unclassified,LINK RECOVERED,NO,NO,,,Research,MIGRATED AS LINK,Factors Associated with Very Late Presentation Among PLHIV in Southern Jamaica HIV,,Recovered from saved J-MERG main-page HTML.
JMERG-059,Factors associated with recurring treatment interruption poster_FINAL (1),,Undated,,,,,Reports _ Jmerg.html,,,,,,PDF,https://2aef310d-9351-419e-9a0a-317bf599b4ac.filesusr.com/ugd/8a054d_973c7d998ca64bd6a42be2fe6d44ffc8.pdf,https://2aef310d-9351-419e-9a0a-317bf599b4ac.filesusr.com/ugd/8a054d_973c7d998ca64bd6a42be2fe6d44ffc8.pdf,,,,,,HIV/STI/TB,Legacy/Unclassified,LINK RECOVERED,NO,NO,,,Gallery,MIGRATED AS LINK,Factors associated with recurring treatment interruption poster_FINAL (1) HIV/STI/TB,,Recovered from saved J-MERG main-page HTML.
JMERG-060,HIVDR Study 2025,,2025,,,,,Reports _ Jmerg.html,,,,,,PDF,https://2aef310d-9351-419e-9a0a-317bf599b4ac.filesusr.com/ugd/8a054d_6808f75f20314dcd8003183a0941fdae.pdf,https://2aef310d-9351-419e-9a0a-317bf599b4ac.filesusr.com/ugd/8a054d_6808f75f20314dcd8003183a0941fdae.pdf,,,,,,HIV,Legacy/Unclassified,LINK RECOVERED,NO,NO,,,Research,MIGRATED AS LINK,HIVDR Study 2025 HIV,,Recovered from saved J-MERG main-page HTML.
JMERG-061,MOH-NSP_Final National Strategic Plan,,Undated,,,,,Reports _ Jmerg.html,,,,,,PDF,https://2aef310d-9351-419e-9a0a-317bf599b4ac.filesusr.com/ugd/8a054d_542f8a625ae14a77ab07e43beb524030.pdf,https://2aef310d-9351-419e-9a0a-317bf599b4ac.filesusr.com/ugd/8a054d_542f8a625ae14a77ab07e43beb524030.pdf,,,,,,HIV/STI/TB,Legacy/Unclassified,LINK RECOVERED,NO,NO,,,Manuals,MIGRATED AS LINK,MOH-NSP_Final National Strategic Plan HIV/STI/TB,,Recovered from saved J-MERG main-page HTML.
JMERG-062,Mortality Patterns and Gaps in HIV Care Insights from Jamaica 2021-2023_2025,,2021,,,,,Reports _ Jmerg.html,,,,,,PDF,https://2aef310d-9351-419e-9a0a-317bf599b4ac.filesusr.com/ugd/8a054d_dfe9cc228be748f19117cba5e03e0bd4.pdf,https://2aef310d-9351-419e-9a0a-317bf599b4ac.filesusr.com/ugd/8a054d_dfe9cc228be748f19117cba5e03e0bd4.pdf,,,,,,HIV; Mortality,Legacy/Unclassified,LINK RECOVERED,NO,NO,,,Research,MIGRATED AS LINK,Mortality Patterns and Gaps in HIV Care Insights from Jamaica 2021-2023_2025 HIV Mortality,,Recovered from saved J-MERG main-page HTML.
JMERG-063,Operational Research Abstracts - HSTU Studies 2025,,2025,,,,,Reports _ Jmerg.html,,,,,,PDF,https://2aef310d-9351-419e-9a0a-317bf599b4ac.filesusr.com/ugd/8a054d_d373932716a5460c845c3fda17fc3b9f.pdf,https://2aef310d-9351-419e-9a0a-317bf599b4ac.filesusr.com/ugd/8a054d_d373932716a5460c845c3fda17fc3b9f.pdf,,,,,,HIV/STI/TB,Legacy/Unclassified,LINK RECOVERED,NO,NO,,,Research,MIGRATED AS LINK,Operational Research Abstracts - HSTU Studies 2025 HIV/STI/TB,,Recovered from saved J-MERG main-page HTML.
JMERG-064,PLHIV Retention in Care Final,,Undated,,,,,Reports _ Jmerg.html,,,,,,PDF,https://2aef310d-9351-419e-9a0a-317bf599b4ac.filesusr.com/ugd/8a054d_a297e910f7374b659bccf31cc929274b.pdf,https://2aef310d-9351-419e-9a0a-317bf599b4ac.filesusr.com/ugd/8a054d_a297e910f7374b659bccf31cc929274b.pdf,,,,,,HIV,Legacy/Unclassified,LINK RECOVERED,NO,NO,,,Research,MIGRATED AS LINK,PLHIV Retention in Care Final HIV,,Recovered from saved J-MERG main-page HTML.
JMERG-065,Attachment 2. NATIONAL RESEARCH AGENDA,,Undated,,,,,Reports _ Jmerg.html,,,,,,PDF,https://2aef310d-9351-419e-9a0a-317bf599b4ac.filesusr.com/ugd/8a054d_409718fa12944c45a238d6b5ac887662.pdf,https://2aef310d-9351-419e-9a0a-317bf599b4ac.filesusr.com/ugd/8a054d_409718fa12944c45a238d6b5ac887662.pdf,,,,,,HIV/STI/TB,Legacy/Unclassified,LINK RECOVERED,NO,NO,,,Manuals,MIGRATED AS LINK,Attachment 2. NATIONAL RESEARCH AGENDA HIV/STI/TB,,Recovered from saved J-MERG main-page HTML.
JMERG-066,SRHA Risk Assessment Matrix Research 2025,,2025,,,,,Reports _ Jmerg.html,,,,,,PDF,https://2aef310d-9351-419e-9a0a-317bf599b4ac.filesusr.com/ugd/8a054d_c68f70f880414dd28fd37612302020b2.pdf,https://2aef310d-9351-419e-9a0a-317bf599b4ac.filesusr.com/ugd/8a054d_c68f70f880414dd28fd37612302020b2.pdf,,,,,,HIV/STI/TB,Legacy/Unclassified,LINK RECOVERED,NO,NO,,,Research,MIGRATED AS LINK,SRHA Risk Assessment Matrix Research 2025 HIV/STI/TB,,Recovered from saved J-MERG main-page HTML.
JMERG-067,Executive Summary (HIV Data Quality) Audit Report (2025),,2025,,,,,Reports _ Jmerg.html,,,,,,PDF,https://2aef310d-9351-419e-9a0a-317bf599b4ac.filesusr.com/ugd/8a054d_430f7bf76e2d47dd86da527d9371805d.pdf,https://2aef310d-9351-419e-9a0a-317bf599b4ac.filesusr.com/ugd/8a054d_430f7bf76e2d47dd86da527d9371805d.pdf,,,,,,HIV; DQA,Legacy/Unclassified,LINK RECOVERED,NO,NO,,,Research,MIGRATED AS LINK,Executive Summary (HIV Data Quality) Audit Report (2025) HIV DQA,,Recovered from saved J-MERG main-page HTML.
JMERG-068,Prevention DQA Report 2026 NERHA_June29,,2026,,,,,Reports _ Jmerg.html,,,,,,PDF,https://2aef310d-9351-419e-9a0a-317bf599b4ac.filesusr.com/ugd/8a054d_15a7ae0cce5847008c9f8ec8c2d53176.pdf,https://2aef310d-9351-419e-9a0a-317bf599b4ac.filesusr.com/ugd/8a054d_15a7ae0cce5847008c9f8ec8c2d53176.pdf,,,,,,DQA,Legacy/Unclassified,LINK RECOVERED,NO,NO,,,Research,MIGRATED AS LINK,Prevention DQA Report 2026 NERHA_June29 DQA,,Recovered from saved J-MERG main-page HTML.
JMERG-069,Prevention DQA Report 2026 _SERHA_June12,,2026,,,,,Reports _ Jmerg.html,,,,,,PDF,https://2aef310d-9351-419e-9a0a-317bf599b4ac.filesusr.com/ugd/8a054d_26171ce634e3407ab019aa823114b006.pdf,https://2aef310d-9351-419e-9a0a-317bf599b4ac.filesusr.com/ugd/8a054d_26171ce634e3407ab019aa823114b006.pdf,,,,,,DQA,Legacy/Unclassified,LINK RECOVERED,NO,NO,,,Research,MIGRATED AS LINK,Prevention DQA Report 2026 _SERHA_June12 DQA,,Recovered from saved J-MERG main-page HTML.
JMERG-070,Prevention DQA Report 2026 SRHA_June26,,2026,,,,,Reports _ Jmerg.html,,,,,,PDF,https://2aef310d-9351-419e-9a0a-317bf599b4ac.filesusr.com/ugd/8a054d_e236fc7ceb80486ca466bc77dd6ee8f7.pdf,https://2aef310d-9351-419e-9a0a-317bf599b4ac.filesusr.com/ugd/8a054d_e236fc7ceb80486ca466bc77dd6ee8f7.pdf,,,,,,DQA,Legacy/Unclassified,LINK RECOVERED,NO,NO,,,Research,MIGRATED AS LINK,Prevention DQA Report 2026 SRHA_June26 DQA,,Recovered from saved J-MERG main-page HTML.
JMERG-071,Prevention DQA Report 2026 WRHA July 22,,2026,,,,,Reports _ Jmerg.html,,,,,,PDF,https://2aef310d-9351-419e-9a0a-317bf599b4ac.filesusr.com/ugd/8a054d_9307151d33c84848bfb7d4144381ead9.pdf,https://2aef310d-9351-419e-9a0a-317bf599b4ac.filesusr.com/ugd/8a054d_9307151d33c84848bfb7d4144381ead9.pdf,,,,,,DQA,Legacy/Unclassified,LINK RECOVERED,NO,NO,,,Research,MIGRATED AS LINK,Prevention DQA Report 2026 WRHA July 22 DQA,,Recovered from saved J-MERG main-page HTML.
JMERG-072,THE GLOBAL AIDS MONITORING REPORT OF JAMAICA 2025 revised on April 24 2025 (2),,2025,,,,,Reports _ Jmerg.html,,,,,,PDF,https://2aef310d-9351-419e-9a0a-317bf599b4ac.filesusr.com/ugd/8a054d_a6fd1230b2ae4f42baa6dc20c3485a28.pdf,https://2aef310d-9351-419e-9a0a-317bf599b4ac.filesusr.com/ugd/8a054d_a6fd1230b2ae4f42baa6dc20c3485a28.pdf,,,,,,HIV/STI/TB,Legacy/Unclassified,LINK RECOVERED,NO,NO,,,Research,MIGRATED AS LINK,THE GLOBAL AIDS MONITORING REPORT OF JAMAICA 2025 revised on April 24 2025 (2) HIV/STI/TB,,Recovered from saved J-MERG main-page HTML.
JMERG-073,JASL COVID-19 Response Grant Assessment 2023,,2023,,,,,Reports _ Jmerg.html,,,,,,PDF,https://2aef310d-9351-419e-9a0a-317bf599b4ac.filesusr.com/ugd/8a054d_368a50632f094415bbc8e8c7dbc87a51.pdf,https://2aef310d-9351-419e-9a0a-317bf599b4ac.filesusr.com/ugd/8a054d_368a50632f094415bbc8e8c7dbc87a51.pdf,,,,,,HIV/STI/TB,Legacy/Unclassified,LINK RECOVERED,NO,NO,,,Research,MIGRATED AS LINK,JASL COVID-19 Response Grant Assessment 2023 HIV/STI/TB,,Recovered from saved J-MERG main-page HTML.
JMERG-074,JASL Living Support Focus Group Report 2023,,2023,,,,,Reports _ Jmerg.html,,,,,,PDF,https://2aef310d-9351-419e-9a0a-317bf599b4ac.filesusr.com/ugd/8a054d_701051e9c915407eaa3ed2a439ab2a21.pdf,https://2aef310d-9351-419e-9a0a-317bf599b4ac.filesusr.com/ugd/8a054d_701051e9c915407eaa3ed2a439ab2a21.pdf,,,,,,HIV/STI/TB,Legacy/Unclassified,LINK RECOVERED,NO,NO,,,Research,MIGRATED AS LINK,JASL Living Support Focus Group Report 2023 HIV/STI/TB,,Recovered from saved J-MERG main-page HTML.
JMERG-075,Mystery Shopping Assessment Report 2026 Q2 (Final),,2026,,,,,Reports _ Jmerg.html,,,,,,PDF,https://2aef310d-9351-419e-9a0a-317bf599b4ac.filesusr.com/ugd/8a054d_be0da640263d48f8be133853c42b4c33.pdf,https://2aef310d-9351-419e-9a0a-317bf599b4ac.filesusr.com/ugd/8a054d_be0da640263d48f8be133853c42b4c33.pdf,,,,,,HIV/STI/TB,Legacy/Unclassified,LINK RECOVERED,NO,NO,,,Research,MIGRATED AS LINK,Mystery Shopping Assessment Report 2026 Q2 (Final) HIV/STI/TB,,Recovered from saved J-MERG main-page HTML.
JMERG-076,Mystery Shopping Assessment Report 2026 Q3 (Final),,2026,,,,,Reports _ Jmerg.html,,,,,,PDF,https://2aef310d-9351-419e-9a0a-317bf599b4ac.filesusr.com/ugd/8a054d_7bba4c847eeb41b690a7d7d0c4e74f1a.pdf,https://2aef310d-9351-419e-9a0a-317bf599b4ac.filesusr.com/ugd/8a054d_7bba4c847eeb41b690a7d7d0c4e74f1a.pdf,,,,,,HIV/STI/TB,Legacy/Unclassified,LINK RECOVERED,NO,NO,,,Research,MIGRATED AS LINK,Mystery Shopping Assessment Report 2026 Q3 (Final) HIV/STI/TB,,Recovered from saved J-MERG main-page HTML.
JMERG-ADOL-01,Sources of information on HIV/AIDS used by adolescents and young people: A scoping review protocol.,Nascimento Gomes Brito VC et. al.,2026,PLoS One,,,,Repository,Adolescent HIV/AIDS,https://williamsandremoh.wixsite.com/jmerg/items-2/adolescent-hiv%2Faids,Repository,Adolescent HIV/AIDS,,Research Literature,https://pubmed.ncbi.nlm.nih.gov/41666189/,https://pubmed.ncbi.nlm.nih.gov/41666189/,,,,,,Adolescent HIV/AIDS; Research Literature,Research Literature,LINK RECOVERED FROM USER-SUPPLIED CATEGORY CONTENT,N/A,N/A,,,Research,MIGRATED,Sources of information on HIV/AIDS used by adolescents and young people: A scoping review protocol. Nascimento Gomes Brito VC et. al. 2026 PLoS One adolescent HIV AIDS research,,Individual repository record supplied by user from legacy J-MERG Adolescent HIV/AIDS page.
JMERG-ADOL-02,HIV Care Continuum Outcomes Among Adolescents and Young Adults Living With HIV in Latin America and the Caribbean: Association With Depression and Substance Use.,Machado DM et. al.,2025,Open Forum Infectious Diseases,,,,Repository,Adolescent HIV/AIDS,https://williamsandremoh.wixsite.com/jmerg/items-2/adolescent-hiv%2Faids,Repository,Adolescent HIV/AIDS,,Research Literature,https://pubmed.ncbi.nlm.nih.gov/40657168/,https://pubmed.ncbi.nlm.nih.gov/40657168/,,,,,,Adolescent HIV/AIDS; Research Literature,Research Literature,LINK RECOVERED FROM USER-SUPPLIED CATEGORY CONTENT,N/A,N/A,,,Research,MIGRATED,HIV Care Continuum Outcomes Among Adolescents and Young Adults Living With HIV in Latin America and the Caribbean: Association With Depression and Substance Use. Machado DM et. al. 2025 Open Forum Infectious Diseases adolescent HIV AIDS research,,Individual repository record supplied by user from legacy J-MERG Adolescent HIV/AIDS page.
JMERG-ADOL-03,"Rates of adherence, adherence measurement, and support services for children and adolescents living with HIV followed in global sites of the International Epidemiology Databases to Evaluate AIDS (IeDEA).",Vreeman RC et. al.,2025,BMC Pediatrics,,,,Repository,Adolescent HIV/AIDS,https://williamsandremoh.wixsite.com/jmerg/items-2/adolescent-hiv%2Faids,Repository,Adolescent HIV/AIDS,,Research Literature,https://pubmed.ncbi.nlm.nih.gov/41039293/,https://pubmed.ncbi.nlm.nih.gov/41039293/,,,,,,Adolescent HIV/AIDS; Research Literature,Research Literature,LINK RECOVERED FROM USER-SUPPLIED CATEGORY CONTENT,N/A,N/A,,,Research,MIGRATED,"Rates of adherence, adherence measurement, and support services for children and adolescents living with HIV followed in global sites of the International Epidemiology Databases to Evaluate AIDS (IeDEA). Vreeman RC et. al. 2025 BMC Pediatrics adolescent HIV AIDS research",,Individual repository record supplied by user from legacy J-MERG Adolescent HIV/AIDS page.
JMERG-ADOL-04,Sexual Abuse and Sexually-Transmitted HIV/AIDS in Jamaican Children and Adolescents Aged 6-19 Years.,Orrigio et al.,2021,Journal of Infection in Developing Countries,,,,Repository,Adolescent HIV/AIDS,https://williamsandremoh.wixsite.com/jmerg/items-2/adolescent-hiv%2Faids,Repository,Adolescent HIV/AIDS,,Research Literature,https://pubmed.ncbi.nlm.nih.gov/34343124/,https://pubmed.ncbi.nlm.nih.gov/34343124/,,,,,,Adolescent HIV/AIDS; Research Literature,Research Literature,LINK RECOVERED FROM USER-SUPPLIED CATEGORY CONTENT,N/A,N/A,,,Research,MIGRATED,Sexual Abuse and Sexually-Transmitted HIV/AIDS in Jamaican Children and Adolescents Aged 6-19 Years. Orrigio et al. 2021 Journal of Infection in Developing Countries adolescent HIV AIDS research,,Individual repository record supplied by user from legacy J-MERG Adolescent HIV/AIDS page.
JMERG-ADOL-05,Transfer is not a transition – voices of Jamaican adolescents with HIV and their health care providers.,DeSouza et al.,2019,AIDS Care,,,,Repository,Adolescent HIV/AIDS,https://williamsandremoh.wixsite.com/jmerg/items-2/adolescent-hiv%2Faids,Repository,Adolescent HIV/AIDS,,Research Literature,https://pubmed.ncbi.nlm.nih.gov/30345791/,https://pubmed.ncbi.nlm.nih.gov/30345791/,,,,,,Adolescent HIV/AIDS; Research Literature,Research Literature,LINK RECOVERED FROM USER-SUPPLIED CATEGORY CONTENT,N/A,N/A,,,Research,MIGRATED,Transfer is not a transition – voices of Jamaican adolescents with HIV and their health care providers. DeSouza et al. 2019 AIDS Care adolescent HIV AIDS research,,Individual repository record supplied by user from legacy J-MERG Adolescent HIV/AIDS page.
JMERG-ADOL-06,Psychosocial outcomes in a cohort of perinatally HIV-infected adolescents in Western Jamaica.,Evans-Gilbert,2018,Paediatrics and International Child Health,,,,Repository,Adolescent HIV/AIDS,https://williamsandremoh.wixsite.com/jmerg/items-2/adolescent-hiv%2Faids,Repository,Adolescent HIV/AIDS,,Research Literature,https://pubmed.ncbi.nlm.nih.gov/29400261/,https://pubmed.ncbi.nlm.nih.gov/29400261/,,,,,,Adolescent HIV/AIDS; Research Literature,Research Literature,LINK RECOVERED FROM USER-SUPPLIED CATEGORY CONTENT,N/A,N/A,,,Research,MIGRATED,Psychosocial outcomes in a cohort of perinatally HIV-infected adolescents in Western Jamaica. Evans-Gilbert 2018 Paediatrics and International Child Health adolescent HIV AIDS research,,Individual repository record supplied by user from legacy J-MERG Adolescent HIV/AIDS page.
JMERG-ADOL-07,Psychological distress and substance abuse in Jamaican youths living with HIV/AIDS.,Brown & Morgan,2013,West Indian Medical Journal,,,,Repository,Adolescent HIV/AIDS,https://williamsandremoh.wixsite.com/jmerg/items-2/adolescent-hiv%2Faids,Repository,Adolescent HIV/AIDS,,Research Literature,https://www.mona.uwi.edu/fms/wimj/article/847,https://www.mona.uwi.edu/fms/wimj/article/847,,,,,,Adolescent HIV/AIDS; Research Literature,Research Literature,LINK RECOVERED FROM USER-SUPPLIED CATEGORY CONTENT,N/A,N/A,,,Research,MIGRATED,Psychological distress and substance abuse in Jamaican youths living with HIV/AIDS. Brown & Morgan 2013 West Indian Medical Journal adolescent HIV AIDS research,,Individual repository record supplied by user from legacy J-MERG Adolescent HIV/AIDS page.
JMERG-ADOL-08,Interpersonal competence and sex risk behaviours among Jamaican adolescents.,Longman-Mills & Carpenter,2013,West Indian Medical Journal,,,,Repository,Adolescent HIV/AIDS,https://williamsandremoh.wixsite.com/jmerg/items-2/adolescent-hiv%2Faids,Repository,Adolescent HIV/AIDS,,Research Literature,https://www.mona.uwi.edu/fms/wimj/article/976,https://www.mona.uwi.edu/fms/wimj/article/976,,,,,,Adolescent HIV/AIDS; Research Literature,Research Literature,LINK RECOVERED FROM USER-SUPPLIED CATEGORY CONTENT,N/A,N/A,,,Research,MIGRATED,Interpersonal competence and sex risk behaviours among Jamaican adolescents. Longman-Mills & Carpenter 2013 West Indian Medical Journal adolescent HIV AIDS research,,Individual repository record supplied by user from legacy J-MERG Adolescent HIV/AIDS page.
JMERG-ADOL-09,Jamaican adolescent girls with older male sexual partners.,Wood et al.,2011,Journal of Nursing Scholarship,,,,Repository,Adolescent HIV/AIDS,https://williamsandremoh.wixsite.com/jmerg/items-2/adolescent-hiv%2Faids,Repository,Adolescent HIV/AIDS,,Research Literature,https://pubmed.ncbi.nlm.nih.gov/22004468/,https://pubmed.ncbi.nlm.nih.gov/22004468/,,,,,,Adolescent HIV/AIDS; Research Literature,Research Literature,LINK RECOVERED FROM USER-SUPPLIED CATEGORY CONTENT,N/A,N/A,,,Research,MIGRATED,Jamaican adolescent girls with older male sexual partners. Wood et al. 2011 Journal of Nursing Scholarship adolescent HIV AIDS research,,Individual repository record supplied by user from legacy J-MERG Adolescent HIV/AIDS page.
JMERG-ADOL-10,HIV-related sexual risk behaviours among late-adolescent Jamaican girls with older male partners.,Wood,2010,West Indian Medical Journal,,,,Repository,Adolescent HIV/AIDS,https://williamsandremoh.wixsite.com/jmerg/items-2/adolescent-hiv%2Faids,Repository,Adolescent HIV/AIDS,,Research Literature,https://www.mona.uwi.edu/fms/wimj/article/1273,https://www.mona.uwi.edu/fms/wimj/article/1273,,,,,,Adolescent HIV/AIDS; Research Literature,Research Literature,LINK RECOVERED FROM USER-SUPPLIED CATEGORY CONTENT,N/A,N/A,,,Research,MIGRATED,HIV-related sexual risk behaviours among late-adolescent Jamaican girls with older male partners. Wood 2010 West Indian Medical Journal adolescent HIV AIDS research,,Individual repository record supplied by user from legacy J-MERG Adolescent HIV/AIDS page.
JMERG-ADOL-11,Clinical manifestations of adolescents with HIV/AIDS in Jamaica.,Harrison et al.,2008,West Indian Medical Journal,,,,Repository,Adolescent HIV/AIDS,https://williamsandremoh.wixsite.com/jmerg/items-2/adolescent-hiv%2Faids,Repository,Adolescent HIV/AIDS,,Research Literature,https://www.mona.uwi.edu/fms/wimj/article/749,https://www.mona.uwi.edu/fms/wimj/article/749,,,,,,Adolescent HIV/AIDS; Research Literature,Research Literature,LINK RECOVERED FROM USER-SUPPLIED CATEGORY CONTENT,N/A,N/A,,,Research,MIGRATED,Clinical manifestations of adolescents with HIV/AIDS in Jamaica. Harrison et al. 2008 West Indian Medical Journal adolescent HIV AIDS research,,Individual repository record supplied by user from legacy J-MERG Adolescent HIV/AIDS page.
JMERG-ADOL-12,"HIV infection, sexual abuse and social support in Jamaican adolescents referred to a psychiatric service.",Lowe et al.,2008,West Indian Medical Journal,,,,Repository,Adolescent HIV/AIDS,https://williamsandremoh.wixsite.com/jmerg/items-2/adolescent-hiv%2Faids,Repository,Adolescent HIV/AIDS,,Research Literature,https://www.mona.uwi.edu/fms/wimj/article/758,https://www.mona.uwi.edu/fms/wimj/article/758,,,,,,Adolescent HIV/AIDS; Research Literature,Research Literature,LINK RECOVERED FROM USER-SUPPLIED CATEGORY CONTENT,N/A,N/A,,,Research,MIGRATED,"HIV infection, sexual abuse and social support in Jamaican adolescents referred to a psychiatric service. Lowe et al. 2008 West Indian Medical Journal adolescent HIV AIDS research",,Individual repository record supplied by user from legacy J-MERG Adolescent HIV/AIDS page.
JMERG-ADOL-13,Predictors of HIV/AIDS confirmation and differences by guardian status in HIV+ adolescents in Jamaica.,Pilgrim et al.,2008,West Indian Medical Journal,,,,Repository,Adolescent HIV/AIDS,https://williamsandremoh.wixsite.com/jmerg/items-2/adolescent-hiv%2Faids,Repository,Adolescent HIV/AIDS,,Research Literature,https://www.mona.uwi.edu/fms/wimj/article/754,https://www.mona.uwi.edu/fms/wimj/article/754,,,,,,Adolescent HIV/AIDS; Research Literature,Research Literature,LINK RECOVERED FROM USER-SUPPLIED CATEGORY CONTENT,N/A,N/A,,,Research,MIGRATED,Predictors of HIV/AIDS confirmation and differences by guardian status in HIV+ adolescents in Jamaica. Pilgrim et al. 2008 West Indian Medical Journal adolescent HIV AIDS research,,Individual repository record supplied by user from legacy J-MERG Adolescent HIV/AIDS page.
JMERG-ADOL-14,The “missed” population of perinatally HIV-infected adolescent slow progressors in Jamaica.,Dunkley-Thompson et al.,2006,West Indian Medical Journal,,,,Repository,Adolescent HIV/AIDS,https://williamsandremoh.wixsite.com/jmerg/items-2/adolescent-hiv%2Faids,Repository,Adolescent HIV/AIDS,,Research Literature,https://www.mona.uwi.edu/fms/wimj/article/406,https://www.mona.uwi.edu/fms/wimj/article/406,,,,,,Adolescent HIV/AIDS; Research Literature,Research Literature,LINK RECOVERED FROM USER-SUPPLIED CATEGORY CONTENT,N/A,N/A,,,Research,MIGRATED,The “missed” population of perinatally HIV-infected adolescent slow progressors in Jamaica. Dunkley-Thompson et al. 2006 West Indian Medical Journal adolescent HIV AIDS research,,Individual repository record supplied by user from legacy J-MERG Adolescent HIV/AIDS page.
JMERG-ADOL-15,Predictors of sexual involvement among adolescents in rural Jamaica.,Stallworth et al.,2004,International Journal of Adolescent Medical Health,,,,Repository,Adolescent HIV/AIDS,https://williamsandremoh.wixsite.com/jmerg/items-2/adolescent-hiv%2Faids,Repository,Adolescent HIV/AIDS,,Research Literature,https://pubmed.ncbi.nlm.nih.gov/15266994/,https://pubmed.ncbi.nlm.nih.gov/15266994/,,,,,,Adolescent HIV/AIDS; Research Literature,Research Literature,LINK RECOVERED FROM USER-SUPPLIED CATEGORY CONTENT,N/A,N/A,,,Research,MIGRATED,Predictors of sexual involvement among adolescents in rural Jamaica. Stallworth et al. 2004 International Journal of Adolescent Medical Health adolescent HIV AIDS research,,Individual repository record supplied by user from legacy J-MERG Adolescent HIV/AIDS page.
JMERG-ADOL-16,HIV/AIDS following sexual assault in Jamaican children and adolescents: a case for HIV post-exposure prophylaxis.,Steel-Duncan et al.,2004,West Indian Medical Journal,,,,Repository,Adolescent HIV/AIDS,https://williamsandremoh.wixsite.com/jmerg/items-2/adolescent-hiv%2Faids,Repository,Adolescent HIV/AIDS,,Research Literature,https://pubmed.ncbi.nlm.nih.gov/15675503/,https://pubmed.ncbi.nlm.nih.gov/15675503/,,,,,,Adolescent HIV/AIDS; Research Literature,Research Literature,LINK RECOVERED FROM USER-SUPPLIED CATEGORY CONTENT,N/A,N/A,,,Research,MIGRATED,HIV/AIDS following sexual assault in Jamaican children and adolescents: a case for HIV post-exposure prophylaxis. Steel-Duncan et al. 2004 West Indian Medical Journal adolescent HIV AIDS research,,Individual repository record supplied by user from legacy J-MERG Adolescent HIV/AIDS page.
JMERG-ADOL-17,Socio-demographic and clinical characteristics of Jamaican adolescents with HIV/AIDS.,Walker et al.,2004,West Indian Medical Journal,,,,Repository,Adolescent HIV/AIDS,https://williamsandremoh.wixsite.com/jmerg/items-2/adolescent-hiv%2Faids,Repository,Adolescent HIV/AIDS,,Research Literature,https://pubmed.ncbi.nlm.nih.gov/15675500/,https://pubmed.ncbi.nlm.nih.gov/15675500/,,,,,,Adolescent HIV/AIDS; Research Literature,Research Literature,LINK RECOVERED FROM USER-SUPPLIED CATEGORY CONTENT,N/A,N/A,,,Research,MIGRATED,Socio-demographic and clinical characteristics of Jamaican adolescents with HIV/AIDS. Walker et al. 2004 West Indian Medical Journal adolescent HIV AIDS research,,Individual repository record supplied by user from legacy J-MERG Adolescent HIV/AIDS page.
JMERG-ADOL-18,"HIV/AIDS in women, infants, children and adolescents in Jamaica. A further “call to action”.",Christie et al.,2001,West Indian Medical Journal,,,,Repository,Adolescent HIV/AIDS,https://williamsandremoh.wixsite.com/jmerg/items-2/adolescent-hiv%2Faids,Repository,Adolescent HIV/AIDS,,Research Literature,https://pubmed.ncbi.nlm.nih.gov/11993012/,https://pubmed.ncbi.nlm.nih.gov/11993012/,,,,,,Adolescent HIV/AIDS; Research Literature,Research Literature,LINK RECOVERED FROM USER-SUPPLIED CATEGORY CONTENT,N/A,N/A,,,Research,MIGRATED,"HIV/AIDS in women, infants, children and adolescents in Jamaica. A further “call to action”. Christie et al. 2001 West Indian Medical Journal adolescent HIV AIDS research",,Individual repository record supplied by user from legacy J-MERG Adolescent HIV/AIDS page.
