Legacy Page,Legacy Page URL,Exact Link/File Title,URL,Resource Type
About _ Jmerg.html,https://williamsandremoh.wixsite.com/jmerg/about,This website was built on Wix. Create yours today. Get Started,https://www.wix.com/lpviral/enviral?utm_campaign=vir_wixad_live&adsVersion=banner_2024&orig_msid=aa99f552-cce6-4d9b-96f0-a304175f7068&orig_msid=2aef310d-9351-419e-9a0a-317bf599b4ac&adsVersion=banner_2024,External Link
About _ Jmerg.html,https://williamsandremoh.wixsite.com/jmerg/about,"HSTU | HIV, STI, TB Unit",https://williamsandremoh.wixsite.com/jmerg,Internal Page
About _ Jmerg.html,https://williamsandremoh.wixsite.com/jmerg/about,Repository,https://williamsandremoh.wixsite.com/jmerg/items-2,Internal Page
About _ Jmerg.html,https://williamsandremoh.wixsite.com/jmerg/about,Resources,https://williamsandremoh.wixsite.com/jmerg/general-5,Internal Page
About _ Jmerg.html,https://williamsandremoh.wixsite.com/jmerg/about,Reports,https://williamsandremoh.wixsite.com/jmerg/copy-of-resources,Internal Page
About _ Jmerg.html,https://williamsandremoh.wixsite.com/jmerg/about,About,https://williamsandremoh.wixsite.com/jmerg/about,Internal Page
About _ Jmerg.html,https://williamsandremoh.wixsite.com/jmerg/about,Wix,https://wix.com/?utm_campaign=vir_created_with,External Link
Resources _ Jmerg(1).html,https://williamsandremoh.wixsite.com/jmerg/general-5,MONITORING AND EVALUATION OF THE HIV CASCADE.pdf,https://2aef310d-9351-419e-9a0a-317bf599b4ac.filesusr.com/ugd/8a054d_86b718ddb6774860b84054a5957752ab.pdf,PDF
Resources _ Jmerg(1).html,https://williamsandremoh.wixsite.com/jmerg/general-5,HIV Services Final .pdf,https://2aef310d-9351-419e-9a0a-317bf599b4ac.filesusr.com/ugd/8a054d_232d4e48bfdb43dc84cad99fb3dd35ac.pdf,PDF
Resources _ Jmerg(1).html,https://williamsandremoh.wixsite.com/jmerg/general-5,Pharmacology and Pharmacotherapy of ARVs Updated 2025 HW.pdf,https://2aef310d-9351-419e-9a0a-317bf599b4ac.filesusr.com/ugd/8a054d_4b1521a6445d44e3ba65329dba239ae7.pdf,PDF
Resources _ Jmerg(1).html,https://williamsandremoh.wixsite.com/jmerg/general-5,Opportunistic Infections 2025.pdf,https://2aef310d-9351-419e-9a0a-317bf599b4ac.filesusr.com/ugd/8a054d_113095e952124786b4d63d78dafba366.pdf,PDF
Resources _ Jmerg(1).html,https://williamsandremoh.wixsite.com/jmerg/general-5,ENGAGING KEY POPULATIONS - SUPPORT SERVICES.pdf,https://2aef310d-9351-419e-9a0a-317bf599b4ac.filesusr.com/ugd/8a054d_0f65d83deb3a4d3492aa49e6ea346f13.pdf,PDF
Resources _ Jmerg(1).html,https://williamsandremoh.wixsite.com/jmerg/general-5,Preped and Ready to Go reviewed and final.pdf,https://2aef310d-9351-419e-9a0a-317bf599b4ac.filesusr.com/ugd/8a054d_4baa6a2f12c24c6dbaee2ec72b663244.pdf,PDF
Resources _ Jmerg(1).html,https://williamsandremoh.wixsite.com/jmerg/general-5,Human Rights in the Health Care Setting 3.pdf,https://2aef310d-9351-419e-9a0a-317bf599b4ac.filesusr.com/ugd/8a054d_9c6bd60e58804d7e9bd7b1210fd30ba1.pdf,PDF
Resources _ Jmerg(1).html,https://williamsandremoh.wixsite.com/jmerg/general-5,HIV Testing Presentation.pdf,https://2aef310d-9351-419e-9a0a-317bf599b4ac.filesusr.com/ugd/8a054d_9c0f0d22003e4b859fa38f15a7413073.pdf,PDF
Resources _ Jmerg(1).html,https://williamsandremoh.wixsite.com/jmerg/general-5,Ageing PLHIV 2025.pdf,https://2aef310d-9351-419e-9a0a-317bf599b4ac.filesusr.com/ugd/8a054d_9e6b1d09515245948846c854a3614ddc.pdf,PDF
Resources _ Jmerg(1).html,https://williamsandremoh.wixsite.com/jmerg/general-5,TCS Annual Forum Poster_Jarrett_Final.pdf,https://2aef310d-9351-419e-9a0a-317bf599b4ac.filesusr.com/ugd/8a054d_1f06dc50326b4836a2fdf20ac5a53369.pdf,PDF
Resources _ Jmerg(1).html,https://williamsandremoh.wixsite.com/jmerg/general-5,Trought_Kupa_TCS Annual Forum Poster_FINAL.pdf,https://2aef310d-9351-419e-9a0a-317bf599b4ac.filesusr.com/ugd/8a054d_9397627194fb4426b80cc8067aad32ad.pdf,PDF
Resources _ Jmerg(1).html,https://williamsandremoh.wixsite.com/jmerg/general-5,TCS Annual Forum Poster Presentation (Daniel Perry).pdf,https://2aef310d-9351-419e-9a0a-317bf599b4ac.filesusr.com/ugd/8a054d_f79974bc4057439f847eb7d1d9744fb6.pdf,PDF
Reports _ Jmerg.html,https://williamsandremoh.wixsite.com/jmerg/copy-of-resources,https://www.stigmaindex.org/wp-content/uploads/2020/06/Jamaica-SI-Report-2020.pdf,https://www.stigmaindex.org/wp-content/uploads/2020/06/Jamaica-SI-Report-2020.pdf,PDF
Reports _ Jmerg.html,https://williamsandremoh.wixsite.com/jmerg/copy-of-resources,https://publications.iadb.org/en/womens-health-survey-2016-jamaica-final-report,https://publications.iadb.org/en/womens-health-survey-2016-jamaica-final-report,External Link
Reports _ Jmerg.html,https://williamsandremoh.wixsite.com/jmerg/copy-of-resources,https://hstu.moh.gov.jm/media/reports/,https://hstu.moh.gov.jm/media/reports/,External Link
Reports _ Jmerg.html,https://williamsandremoh.wixsite.com/jmerg/copy-of-resources,https://hstu.moh.gov.jm/media/policy-papers/,https://hstu.moh.gov.jm/media/policy-papers/,External Link
Reports _ Jmerg.html,https://williamsandremoh.wixsite.com/jmerg/copy-of-resources,,https://hstu.moh.gov.jm/media/manuals/,External Link
Reports _ Jmerg.html,https://williamsandremoh.wixsite.com/jmerg/copy-of-resources,https://hstu.moh.gov.jm/media/research/,https://hstu.moh.gov.jm/media/research/,External Link
Reports _ Jmerg.html,https://williamsandremoh.wixsite.com/jmerg/copy-of-resources,https://hstu.moh.gov.jm/media/strategic-plans/,https://hstu.moh.gov.jm/media/strategic-plans/,External Link
Reports _ Jmerg.html,https://williamsandremoh.wixsite.com/jmerg/copy-of-resources,Revised DHIS 2 Annual Database Monitoring Report_Feb23 (1) (5).pdf,https://2aef310d-9351-419e-9a0a-317bf599b4ac.filesusr.com/ugd/8a054d_3f80f0231b7c4e3f96c1d1f247d2eb51.pdf,PDF
Reports _ Jmerg.html,https://williamsandremoh.wixsite.com/jmerg/copy-of-resources,Treatment Cascade Report December 2025.pdf,https://2aef310d-9351-419e-9a0a-317bf599b4ac.filesusr.com/ugd/8a054d_e8bb427890524e4eb4f181a5252b2b91.pdf,PDF
Reports _ Jmerg.html,https://williamsandremoh.wixsite.com/jmerg/copy-of-resources,FINAL-NHP-Annual-Report-2017.pdf,https://2aef310d-9351-419e-9a0a-317bf599b4ac.filesusr.com/ugd/8a054d_a2e0939746a94fda8650744b478d9c3e.pdf,PDF
Reports _ Jmerg.html,https://williamsandremoh.wixsite.com/jmerg/copy-of-resources,Jamaica-Health-and-Lifestyle-Survey-2016-17-JHLSIII-Electronic.pdf,https://2aef310d-9351-419e-9a0a-317bf599b4ac.filesusr.com/ugd/8a054d_726e0dd7ed5247a480fc88d29c268af2.pdf,PDF
Reports _ Jmerg.html,https://williamsandremoh.wixsite.com/jmerg/copy-of-resources,Jamaica MICS 2022 Survey Findings Report Part 1.pdf,https://2aef310d-9351-419e-9a0a-317bf599b4ac.filesusr.com/ugd/8a054d_32cf5fce0d294d38bc37f114cdb97df9.pdf,PDF
Reports _ Jmerg.html,https://williamsandremoh.wixsite.com/jmerg/copy-of-resources,Jamaica-Survey-of-Living-Conditions-2021-Overview.pdf,https://2aef310d-9351-419e-9a0a-317bf599b4ac.filesusr.com/ugd/8a054d_8ad5d4329efc43718ec95abf8b3f1ebf.pdf,PDF
Reports _ Jmerg.html,https://williamsandremoh.wixsite.com/jmerg/copy-of-resources,jamaica_nasa_2015-2017_en.pdf,https://2aef310d-9351-419e-9a0a-317bf599b4ac.filesusr.com/ugd/8a054d_41e2a7f3aa334a26a0063d9525c6cea0.pdf,PDF
Reports _ Jmerg.html,https://williamsandremoh.wixsite.com/jmerg/copy-of-resources,Deliverable 5b - Final Draft NCPI (1) (2).pdf,https://2aef310d-9351-419e-9a0a-317bf599b4ac.filesusr.com/ugd/8a054d_4eeac0c75daf4f2f8e9872e311f86861.pdf,PDF
Reports _ Jmerg.html,https://williamsandremoh.wixsite.com/jmerg/copy-of-resources,Final version NCPI report 2024 - 03.28.2024.pdf,https://2aef310d-9351-419e-9a0a-317bf599b4ac.filesusr.com/ugd/8a054d_e809e24019ea4156a36af7b272432e55.pdf,PDF
Reports _ Jmerg.html,https://williamsandremoh.wixsite.com/jmerg/copy-of-resources,ANNUAL PMTCT DATABASE REPORT 2025_Final.pdf,https://2aef310d-9351-419e-9a0a-317bf599b4ac.filesusr.com/ugd/8a054d_1d343e95846d406eb9b7a2e25ce23592.pdf,PDF
Reports _ Jmerg.html,https://williamsandremoh.wixsite.com/jmerg/copy-of-resources,3. SI Monthly Report March 2026 Final.docx.pdf,https://2aef310d-9351-419e-9a0a-317bf599b4ac.filesusr.com/ugd/8a054d_1479a1a62dc646c79c0da8c220455801.pdf,PDF
Reports _ Jmerg.html,https://williamsandremoh.wixsite.com/jmerg/copy-of-resources,SI Report for July 2026.docx.pdf,https://2aef310d-9351-419e-9a0a-317bf599b4ac.filesusr.com/ugd/8a054d_089d438912ef4d23a90c6a211e3c9f05.pdf,PDF
Reports _ Jmerg.html,https://williamsandremoh.wixsite.com/jmerg/copy-of-resources,SI Annual Report 2025_May 11_2026_HPPB.pdf,https://2aef310d-9351-419e-9a0a-317bf599b4ac.filesusr.com/ugd/8a054d_91624b54be8d44dcbcbb63d6dd91db21.pdf,PDF
Reports _ Jmerg.html,https://williamsandremoh.wixsite.com/jmerg/copy-of-resources,SI Annual Report 2025.docx.pdf,https://2aef310d-9351-419e-9a0a-317bf599b4ac.filesusr.com/ugd/8a054d_4295db50ce3d463ea5b72e1c7287ecf6.pdf,PDF
Reports _ Jmerg.html,https://williamsandremoh.wixsite.com/jmerg/copy-of-resources,STI DATABASE REPORT_Jan-June_2025_Final.docx.pdf,https://2aef310d-9351-419e-9a0a-317bf599b4ac.filesusr.com/ugd/8a054d_ac05204be77a43d48aaa598686d13c44.pdf,PDF
Reports _ Jmerg.html,https://williamsandremoh.wixsite.com/jmerg/copy-of-resources,STI Database Monitoring Report July to September 2025.pdf,https://2aef310d-9351-419e-9a0a-317bf599b4ac.filesusr.com/ugd/8a054d_cb05a673b0ac43d48b0ba8138e25164d.pdf,PDF
Reports _ Jmerg.html,https://williamsandremoh.wixsite.com/jmerg/copy-of-resources,STI Database Monitoring Report Jan-Dec 2025 Annual.pdf,https://2aef310d-9351-419e-9a0a-317bf599b4ac.filesusr.com/ugd/8a054d_686eba28dc2f46d8bd58015d586ce1c8.pdf,PDF
Reports _ Jmerg.html,https://williamsandremoh.wixsite.com/jmerg/copy-of-resources,Annual TB Database report 2025_final.pdf,https://2aef310d-9351-419e-9a0a-317bf599b4ac.filesusr.com/ugd/8a054d_428f44b7b0b64a1f87bc716e7135b508.pdf,PDF
Reports _ Jmerg.html,https://williamsandremoh.wixsite.com/jmerg/copy-of-resources,FSW 2024.11.21 5th PLACE Final Clean_AB 21. 01.25 (1).pdf,https://2aef310d-9351-419e-9a0a-317bf599b4ac.filesusr.com/ugd/8a054d_719c768ab64d4f1587e5bda30769d3d0.pdf,PDF
Reports _ Jmerg.html,https://williamsandremoh.wixsite.com/jmerg/copy-of-resources,MSMTGW 2024 Survey Report Final 4March2025.pdf,https://2aef310d-9351-419e-9a0a-317bf599b4ac.filesusr.com/ugd/8a054d_b71d11e41ac640609d5b9ad4f2cebf5f.pdf,PDF
Reports _ Jmerg.html,https://williamsandremoh.wixsite.com/jmerg/copy-of-resources,2024.12.28 MSMTGW Survey Report  (1).pdf,https://2aef310d-9351-419e-9a0a-317bf599b4ac.filesusr.com/ugd/8a054d_5b2796473da548c1848bff878b6f324f.pdf,PDF
Reports _ Jmerg.html,https://williamsandremoh.wixsite.com/jmerg/copy-of-resources,Terms-of-Reference-KABP-2021-HIV (1).pdf,https://2aef310d-9351-419e-9a0a-317bf599b4ac.filesusr.com/ugd/8a054d_214c146c40b84cac810622e89260c860.pdf,PDF
Reports _ Jmerg.html,https://williamsandremoh.wixsite.com/jmerg/copy-of-resources,2024 HIV KABP Final REPORT -August 2025.pdf,https://2aef310d-9351-419e-9a0a-317bf599b4ac.filesusr.com/ugd/8a054d_808940ad37ff4310a4482e2b16c4ca06.pdf,PDF
Reports _ Jmerg.html,https://williamsandremoh.wixsite.com/jmerg/copy-of-resources,876 Study Report 11June19.pdf,https://2aef310d-9351-419e-9a0a-317bf599b4ac.filesusr.com/ugd/8a054d_7b2be1720fc24132ac6bcfb19cf87e9b.pdf,PDF
Reports _ Jmerg.html,https://williamsandremoh.wixsite.com/jmerg/copy-of-resources,Final PLACE 2017 Report.pdf,https://2aef310d-9351-419e-9a0a-317bf599b4ac.filesusr.com/ugd/8a054d_e0e3718b9d5d4c2999bb124f3647785e.pdf,PDF
Reports _ Jmerg.html,https://williamsandremoh.wixsite.com/jmerg/copy-of-resources,KABP 2017 Report .pdf,https://2aef310d-9351-419e-9a0a-317bf599b4ac.filesusr.com/ugd/8a054d_e9863a4cd2464e59bd20be83416ef1db.pdf,PDF
Reports _ Jmerg.html,https://williamsandremoh.wixsite.com/jmerg/copy-of-resources,MSMTGW 2024 Survey Report Final 4March2025.pdf,https://2aef310d-9351-419e-9a0a-317bf599b4ac.filesusr.com/ugd/8a054d_9a00af4364d243b19f3cd6ad48d2d126.pdf,PDF
Reports _ Jmerg.html,https://williamsandremoh.wixsite.com/jmerg/copy-of-resources,Training report 2025.docx.pdf,https://2aef310d-9351-419e-9a0a-317bf599b4ac.filesusr.com/ugd/8a054d_8fb5686d22a041839b74e7c9b4dbae9b.pdf,PDF
Reports _ Jmerg.html,https://williamsandremoh.wixsite.com/jmerg/copy-of-resources,Workshop on Pivot Tables.pdf,https://2aef310d-9351-419e-9a0a-317bf599b4ac.filesusr.com/ugd/8a054d_186d997de4a14bbea91242b65d64a6d9.pdf,PDF
Reports _ Jmerg.html,https://williamsandremoh.wixsite.com/jmerg/copy-of-resources,Prevention Booklet Complete.pdf,https://2aef310d-9351-419e-9a0a-317bf599b4ac.filesusr.com/ugd/8a054d_b76482ee88cc4952a110ea8e803482fd.pdf,PDF
Reports _ Jmerg.html,https://williamsandremoh.wixsite.com/jmerg/copy-of-resources,TRAINING MANUAL  FOR WORKSHOP PARTICIPANTS - MAY 20TH-2024_From_Dr_Ismail.pdf,https://2aef310d-9351-419e-9a0a-317bf599b4ac.filesusr.com/ugd/8a054d_c63a8eaeebfb4ff0b04ffe2914586ee1.pdf,PDF
Reports _ Jmerg.html,https://williamsandremoh.wixsite.com/jmerg/copy-of-resources,User Guide for STI_CI_EMTCT B.docx.pdf,https://2aef310d-9351-419e-9a0a-317bf599b4ac.filesusr.com/ugd/8a054d_cb9a47bb7218476da075cdf82cfe6f86.pdf,PDF
Reports _ Jmerg.html,https://williamsandremoh.wixsite.com/jmerg/copy-of-resources,Tuberculosis Database End-User Manual_RKF_May 20(1).pdf,https://2aef310d-9351-419e-9a0a-317bf599b4ac.filesusr.com/ugd/8a054d_79c7ab8aca8f4850bb4901c9ebdc3c1d.pdf,PDF
Reports _ Jmerg.html,https://williamsandremoh.wixsite.com/jmerg/copy-of-resources,TSIS Manual Updated (1) (1) (1).pdf,https://2aef310d-9351-419e-9a0a-317bf599b4ac.filesusr.com/ugd/8a054d_8484c96c34774617831454d7e94f40d7.pdf,PDF
Reports _ Jmerg.html,https://williamsandremoh.wixsite.com/jmerg/copy-of-resources,30 Years of Advancement and Challenges in Early HIV Diagnosis in Jamaica.pdf,https://2aef310d-9351-419e-9a0a-317bf599b4ac.filesusr.com/ugd/8a054d_44c0d25b3c4941c5b03d90fc5dddcde4.pdf,PDF
Reports _ Jmerg.html,https://williamsandremoh.wixsite.com/jmerg/copy-of-resources,Correcting the Second and Third 90 Research Paper.pdf,https://2aef310d-9351-419e-9a0a-317bf599b4ac.filesusr.com/ugd/8a054d_1306c4a299fe43418953073eff2e83f0.pdf,PDF
Reports _ Jmerg.html,https://williamsandremoh.wixsite.com/jmerg/copy-of-resources,Factors Associated with Very Late Presentation Among PLHIV in Southern Jamaica.pdf,https://2aef310d-9351-419e-9a0a-317bf599b4ac.filesusr.com/ugd/8a054d_b66e1bccc3224e7ea899354e0f243e32.pdf,PDF
Reports _ Jmerg.html,https://williamsandremoh.wixsite.com/jmerg/copy-of-resources,Factors associated with recurring treatment interruption poster_FINAL (1).pdf,https://2aef310d-9351-419e-9a0a-317bf599b4ac.filesusr.com/ugd/8a054d_973c7d998ca64bd6a42be2fe6d44ffc8.pdf,PDF
Reports _ Jmerg.html,https://williamsandremoh.wixsite.com/jmerg/copy-of-resources,HIVDR Study 2025.pdf,https://2aef310d-9351-419e-9a0a-317bf599b4ac.filesusr.com/ugd/8a054d_6808f75f20314dcd8003183a0941fdae.pdf,PDF
Reports _ Jmerg.html,https://williamsandremoh.wixsite.com/jmerg/copy-of-resources,MOH-NSP_Final National Strategic Plan.pdf,https://2aef310d-9351-419e-9a0a-317bf599b4ac.filesusr.com/ugd/8a054d_542f8a625ae14a77ab07e43beb524030.pdf,PDF
Reports _ Jmerg.html,https://williamsandremoh.wixsite.com/jmerg/copy-of-resources,Mortality Patterns and Gaps in HIV Care Insights from Jamaica 2021-2023_2025.pdf,https://2aef310d-9351-419e-9a0a-317bf599b4ac.filesusr.com/ugd/8a054d_dfe9cc228be748f19117cba5e03e0bd4.pdf,PDF
Reports _ Jmerg.html,https://williamsandremoh.wixsite.com/jmerg/copy-of-resources,Operational Research Abstracts - HSTU Studies 2025.pdf,https://2aef310d-9351-419e-9a0a-317bf599b4ac.filesusr.com/ugd/8a054d_d373932716a5460c845c3fda17fc3b9f.pdf,PDF
Reports _ Jmerg.html,https://williamsandremoh.wixsite.com/jmerg/copy-of-resources,PLHIV Retention in Care Final.pdf,https://2aef310d-9351-419e-9a0a-317bf599b4ac.filesusr.com/ugd/8a054d_a297e910f7374b659bccf31cc929274b.pdf,PDF
Reports _ Jmerg.html,https://williamsandremoh.wixsite.com/jmerg/copy-of-resources,Attachment 2. NATIONAL RESEARCH AGENDA.pdf,https://2aef310d-9351-419e-9a0a-317bf599b4ac.filesusr.com/ugd/8a054d_409718fa12944c45a238d6b5ac887662.pdf,PDF
Reports _ Jmerg.html,https://williamsandremoh.wixsite.com/jmerg/copy-of-resources,SRHA Risk Assessment Matrix Research 2025.pdf,https://2aef310d-9351-419e-9a0a-317bf599b4ac.filesusr.com/ugd/8a054d_c68f70f880414dd28fd37612302020b2.pdf,PDF
Reports _ Jmerg.html,https://williamsandremoh.wixsite.com/jmerg/copy-of-resources,Executive Summary (HIV Data Quality) Audit Report (2025).pdf,https://2aef310d-9351-419e-9a0a-317bf599b4ac.filesusr.com/ugd/8a054d_430f7bf76e2d47dd86da527d9371805d.pdf,PDF
Reports _ Jmerg.html,https://williamsandremoh.wixsite.com/jmerg/copy-of-resources,Prevention DQA Report 2026 NERHA_June29.pdf,https://2aef310d-9351-419e-9a0a-317bf599b4ac.filesusr.com/ugd/8a054d_15a7ae0cce5847008c9f8ec8c2d53176.pdf,PDF
Reports _ Jmerg.html,https://williamsandremoh.wixsite.com/jmerg/copy-of-resources,Prevention DQA Report 2026 _SERHA_June12.pdf,https://2aef310d-9351-419e-9a0a-317bf599b4ac.filesusr.com/ugd/8a054d_26171ce634e3407ab019aa823114b006.pdf,PDF
Reports _ Jmerg.html,https://williamsandremoh.wixsite.com/jmerg/copy-of-resources,Prevention DQA Report 2026  SRHA_June26.pdf,https://2aef310d-9351-419e-9a0a-317bf599b4ac.filesusr.com/ugd/8a054d_e236fc7ceb80486ca466bc77dd6ee8f7.pdf,PDF
Reports _ Jmerg.html,https://williamsandremoh.wixsite.com/jmerg/copy-of-resources,Prevention DQA Report 2026 WRHA July 22.pdf,https://2aef310d-9351-419e-9a0a-317bf599b4ac.filesusr.com/ugd/8a054d_9307151d33c84848bfb7d4144381ead9.pdf,PDF
Reports _ Jmerg.html,https://williamsandremoh.wixsite.com/jmerg/copy-of-resources,THE GLOBAL AIDS MONITORING REPORT OF JAMAICA 2025 revised on April 24 2025 (2).pdf,https://2aef310d-9351-419e-9a0a-317bf599b4ac.filesusr.com/ugd/8a054d_a6fd1230b2ae4f42baa6dc20c3485a28.pdf,PDF
Reports _ Jmerg.html,https://williamsandremoh.wixsite.com/jmerg/copy-of-resources,JASL COVID-19 Response Grant Assessment 2023.pdf,https://2aef310d-9351-419e-9a0a-317bf599b4ac.filesusr.com/ugd/8a054d_368a50632f094415bbc8e8c7dbc87a51.pdf,PDF
Reports _ Jmerg.html,https://williamsandremoh.wixsite.com/jmerg/copy-of-resources,JASL Living Support Focus Group Report 2023.pdf,https://2aef310d-9351-419e-9a0a-317bf599b4ac.filesusr.com/ugd/8a054d_701051e9c915407eaa3ed2a439ab2a21.pdf,PDF
Reports _ Jmerg.html,https://williamsandremoh.wixsite.com/jmerg/copy-of-resources,Mystery Shopping Assessment Report 2026 Q2 (Final).pdf,https://2aef310d-9351-419e-9a0a-317bf599b4ac.filesusr.com/ugd/8a054d_be0da640263d48f8be133853c42b4c33.pdf,PDF
Reports _ Jmerg.html,https://williamsandremoh.wixsite.com/jmerg/copy-of-resources,Mystery Shopping Assessment Report 2026 Q3 (Final).pdf,https://2aef310d-9351-419e-9a0a-317bf599b4ac.filesusr.com/ugd/8a054d_7bba4c847eeb41b690a7d7d0c4e74f1a.pdf,PDF
Items (List) _ Jmerg.html,https://williamsandremoh.wixsite.com/jmerg/items-2,Read More,https://williamsandremoh.wixsite.com/jmerg/items-2/adolescent-hiv%2Faids,Internal Page
Items (List) _ Jmerg.html,https://williamsandremoh.wixsite.com/jmerg/items-2,Read More,https://williamsandremoh.wixsite.com/jmerg/items-2/antiretroviral-drug-resistance,Internal Page
Items (List) _ Jmerg.html,https://williamsandremoh.wixsite.com/jmerg/items-2,Read More,https://williamsandremoh.wixsite.com/jmerg/items-2/antiretroviral-therapy-outcomes,Internal Page
Items (List) _ Jmerg.html,https://williamsandremoh.wixsite.com/jmerg/items-2,Read More,https://williamsandremoh.wixsite.com/jmerg/items-2/capacity-building,Internal Page
Items (List) _ Jmerg.html,https://williamsandremoh.wixsite.com/jmerg/items-2,Read More,https://williamsandremoh.wixsite.com/jmerg/items-2/coinfection-and-communicable-diseases,Internal Page
Items (List) _ Jmerg.html,https://williamsandremoh.wixsite.com/jmerg/items-2,Read More,https://williamsandremoh.wixsite.com/jmerg/items-2/epidemiology-of-hiv-in-jamaica,Internal Page
Items (List) _ Jmerg.html,https://williamsandremoh.wixsite.com/jmerg/items-2,Read More,https://williamsandremoh.wixsite.com/jmerg/items-2/key-and-vulnerable-populations,Internal Page
Items (List) _ Jmerg.html,https://williamsandremoh.wixsite.com/jmerg/items-2,Read More,https://williamsandremoh.wixsite.com/jmerg/items-2/knowledge-attitudes-behaviour-and-practices,Internal Page
Items (List) _ Jmerg.html,https://williamsandremoh.wixsite.com/jmerg/items-2,Read More,https://williamsandremoh.wixsite.com/jmerg/items-2/paediatric-hiv%2Faids,Internal Page
Items (List) _ Jmerg.html,https://williamsandremoh.wixsite.com/jmerg/items-2,Read More,https://williamsandremoh.wixsite.com/jmerg/items-2/prevention-of-mother-to-child-transmission,Internal Page
Items (List) _ Jmerg.html,https://williamsandremoh.wixsite.com/jmerg/items-2,Read More,https://williamsandremoh.wixsite.com/jmerg/items-2/psychosocial-determinants-and-effects-of-hiv%2Faids,Internal Page
Items (List) _ Jmerg.html,https://williamsandremoh.wixsite.com/jmerg/items-2,Read More,https://williamsandremoh.wixsite.com/jmerg/items-2/reports,Internal Page
Items (List) _ Jmerg.html,https://williamsandremoh.wixsite.com/jmerg/items-2,Read More,https://williamsandremoh.wixsite.com/jmerg/items-2/risk-communication,Internal Page
Items (List) _ Jmerg.html,https://williamsandremoh.wixsite.com/jmerg/items-2,Read More,https://williamsandremoh.wixsite.com/jmerg/items-2/sexually-transmitted-infections,Internal Page
Items (List) _ Jmerg.html,https://williamsandremoh.wixsite.com/jmerg/items-2,Read More,https://williamsandremoh.wixsite.com/jmerg/items-2/stigma-and-discrimination,Internal Page
Items (List) _ Jmerg.html,https://williamsandremoh.wixsite.com/jmerg/items-2,Read More,https://williamsandremoh.wixsite.com/jmerg/items-2/the-national-hiv-response,Internal Page
Items (List) _ Jmerg.html,https://williamsandremoh.wixsite.com/jmerg/items-2,Read More,https://williamsandremoh.wixsite.com/jmerg/items-2/tuberculosis-prevention-and-control,Internal Page
