Drive ID,Title,Category,Already present by Drive ID,Action
1DQa4bJQzSFajfNDeFnOZ2_aGdRbImIdk,Exposed to TB,TB,False,Added to Gallery
1FIVEYdc0SVg1S5xyJ4OqkOJSob-BS-EW,STIs and oral sex,STI,False,Added to Gallery
1YlTfR7zRkfZEXjqrcIreqpNY_YsBjf3s,STIs and anal sex,STI,False,Added to Gallery
1Zg1FlXTwncMsRo8NlVq5u0NpIOh8ZWLT,Mek Wi Par Updates D,HIV,False,Added to Gallery
1BLVjRJj_fbtlePMCl-sULF5pNrzIJ0VJ,Mek Wi Par Updates C,HIV,False,Added to Gallery
12jli4SP5OFIF2MwTAaSQy4HaYY_ojmoL,Mek Wi Par Updates B,HIV,False,Added to Gallery
1vURYKXMDSm-OkderPMf4EjJ3ksGboQ3U,Mek Wi Par Updates A,HIV,False,Added to Gallery
1XxfqwOBJRAGKKBAC_SD_lPcP32Af1pYu,MOHW Infographic 6,HIV,False,Added to Gallery
1YmgilI4GjsklnWspX8Iy0xAViZ5t85lU,MOHW Infographic 8,HIV,False,Added to Gallery
1mSMecVI5XEEAtOkW45SZGwYTA2_bK2Bp,Serodifferent Couples 1,HIV,False,Added to Gallery
1-Nd3Ecf8K8gP_IeaF--SdU6qN4FwYHkQ,Serodifferent Couples 5,HIV,False,Added to Gallery
1OkCr5GLg8ZghgSNPhjVDL4Iq-fhgB6Rm,PrEP Is For You,PrEP,False,Added to Gallery
1bMH_bAO6CN-9lx0BvTDeD9jCORVY9gwT,Serodifferent Couples 4,HIV,False,Added to Gallery
1iBWZklMg2QVE8_Mf99YGBU3prlorTqYL,HIV Campaign Taxi,HIV,False,Added to Gallery
1zdiL-rW1phaDl9wDoKvqWlvRbzlRqLvT,HIV Campaign Ludo,HIV,False,Added to Gallery
1IfibPIo62svL5qNxNZs-8oImTBNiZQew,HIV Campaign Farmer,HIV,False,Added to Gallery
1SDHDlCQgay32jWr8uMiHlDC0sacNltLl,HIV Campaign Dropout,HIV,False,Added to Gallery
155IfdwZk3zr1EpbtNuLpc9-BYRaQBR7p,HIV Campaign Two Versions,HIV,False,Added to Gallery
1QMCkH39s73jBMA8T-KicOBUzTUQmZkC2,15 Minutes Boy,HIV,False,Added to Gallery
1odwnG9PvoIttVHbbqCNJbt_JAMR2kiGp,15 Minutes Girl,HIV,False,Added to Gallery
1xWfAGJMInsLdHeij4qu8F79Oah5qEQrm,Use a Condom and Get Tested,STI,False,Added to Gallery
1MZiNW_dpa8GqV8VS0-OE5x4u9wK3Rls6,MOH HIV Campaign,HIV,False,Added to Gallery
1kCXA_t2IzXGhlvWv_m7gC1z6WHJE4cyv,PrEP Protected,PrEP,False,Added to Gallery
1j_TJffXujYF8Cz0rawN76e2d0jNandWC,Condoms My BFF,STI,False,Added to Gallery
1iE5wQFOaYukYiiz5A-j9jAntE52n-t0w,Consent and Protection,STI,False,Added to Gallery
1zVMbDa-0W_fJVf75LXwYFzeVnn0YEaUh,Campaign Image 9,HIV,False,Added to Gallery
1u6HMFGvaWEb0Jkogl__EnliSRMHmqNUv,Campaign Image 7,HIV,False,Added to Gallery
1IjA1miUeyV1FBt7Ua8WGSoZBxdu-y2iJ,Campaign Image 3,HIV,False,Added to Gallery
1jUI5b1801s6AFaC6nFtduI_CnPF8lQzu,You Are Not Alone,HIV,False,Added to Gallery
12BULCE_uyk-_SPqDOWwT-JaCWeQvH2Ui,MOH Get Back on Track — Gleaner Full Page,PDF,Not gallery image,Linked under Resources
1JovHkp9EmyGcewDjP8uZ0EurksYO_h8T,MOH Get Back on Track — Billboard,PDF,Not gallery image,Linked under Resources
